"","NE.LocAvg","NW.LocAvg","YH.LocAvg","EM.LocAvg","WM.LocAvg","E.LocAvg","L.LocAvg","SE.LocAvg","SW.LocAvg","W.LocAvg","S.LocAvg","NI.LocAvg","TurnBandAvg1","TurnBandAvg2","TurnBandAvg3","TurnBandAvg4","SmallAvg","MediumAvg","largeAvg","Births","Deaths","InternalMigrationInflow","InternalMigrationOutflow","InternationalMigrationInflow","InternationalMigrationOutflow","Males","Females","PopulationEst","Sector"
"1",550,921,2344,3012,1758,4362,72,2120,2424,144,904,176,7746,9710,1182,36,17924,782,24,299,309,621,585,188,78,14822,15339,30161,"Agriculture, forestry & fishing"
"2",229,651,1022,1302,958,1941,81,1131,1518,110,198,179,4526,4295,449,52,8774,481,52,753,652,1336,1243,479,221,33739,34575,68314,"Agriculture, forestry & fishing"
"3",38,61,114,160,104,204,2,96,185,4,6,4,488,458,32,0,958,9,0,912,803,2021,1998,601,385,42013,43066,85079,"Agriculture, forestry & fishing"
"4",15,89,62,118,105,138,15,170,166,10,18,19,350,434,130,10,715,209,8,225,202,698,644,160,93,10875,11112,21987,"Agriculture, forestry & fishing"
"5",0,0,5,5,5,5,1,30,10,5,0,0,39,28,0,0,58,9,0,478,387,989,1003,359,198,21123,21493,42616,"Agriculture, forestry & fishing"
"6",0,0,0,1,0,1,2,1,0,0,0,0,5,0,0,0,6,0,0,1130,941,3098,2882,709,528,51208,52726,103935,"Agriculture, forestry & fishing"
"7",5,30,10,16,169,108,15,260,221,9,22,18,414,378,74,18,756,98,30,526,215,1128,1543,852,510,19777,19822,39599,"Agriculture, forestry & fishing"
"8",0,5,5,6,30,24,6,29,35,4,8,8,104,40,12,4,140,14,4,527,446,1563,1507,409,292,25002,25733,50734,"Agriculture, forestry & fishing"
"9",0,0,0,0,1,0,2,5,5,1,2,0,12,4,0,0,15,0,0,1037,1081,3335,2826,701,686,53805,55564,109369,"Agriculture, forestry & fishing"
"10",0,6,9,10,6,12,0,12,18,5,10,5,49,40,4,0,86,5,0,337,364,785,689,194,107,17198,17679,34877,"Agriculture, forestry & fishing"
"11",8,59,39,76,61,100,21,119,86,18,24,16,236,326,58,5,534,80,9,285,317,268,211,225,111,15014,15788,30803,"Agriculture, forestry & fishing"
"12",116,1275,490,465,854,115,10,322,1950,2758,1752,3735,6094,7049,694,8,13649,315,0,305,207,154,139,191,141,12574,12954,25528,"Agriculture, forestry & fishing"
"13",111,925,474,386,541,95,5,192,1441,301,409,1410,3002,3001,282,4,6134,84,2,386,399,802,756,243,101,19162,19829,38991,"Agriculture, forestry & fishing"
"14",930,2936,2058,1478,2595,868,65,1932,5322,116,89,41,11586,6659,178,8,18384,96,5,1263,1094,2240,2083,803,370,56553,57956,114509,"Agriculture, forestry & fishing"
"15",4,1,4,6,5,4,0,6,8,2,0,0,38,2,0,0,38,0,0,1048,923,2324,2297,691,443,48310,49521,97831,"Agriculture, forestry & fishing"
"16",756,2172,1522,1145,1854,631,35,1451,3792,5175,4888,4592,18718,8901,386,10,27630,446,2,708,635,2196,2024,503,293,34192,34936,69128,"Agriculture, forestry & fishing"
"17",35,94,404,128,106,312,0,134,242,31,40,95,652,792,156,19,1489,94,1,696,564,1442,1461,523,288,30775,31313,62088,"Agriculture, forestry & fishing"
"18",58,281,291,288,380,305,9,279,608,111,92,418,780,1918,382,39,2858,202,16,598,497,1638,1524,375,279,27080,27883,54963,"Agriculture, forestry & fishing"
"19",25,62,89,72,91,125,25,155,168,204,199,180,766,556,69,5,1301,85,1,1204,491,2582,3533,1951,1168,45269,45374,90643,"Agriculture, forestry & fishing"
"20",671,1229,1801,1619,1940,1471,90,1710,3708,3748,4905,6628,16815,11625,1058,21,28659,656,20,1271,1076,3772,3637,986,705,60353,62118,122471,"Agriculture, forestry & fishing"
"21",75,380,285,336,378,405,41,352,639,436,499,390,2519,1504,184,10,3898,185,5,606,632,1950,1652,410,401,31451,32479,63931,"Agriculture, forestry & fishing"
"22",44,186,120,144,155,188,34,279,315,150,182,52,1072,735,40,1,1701,116,6,285,308,664,583,164,91,14549,14957,29506,"Agriculture, forestry & fishing"
"23",2,1,9,4,4,14,5,10,12,1,11,5,29,31,16,2,58,15,0,299,332,280,221,235,116,15709,16519,32227,"Agriculture, forestry & fishing"
"24",0,0,0,0,0,5,1,1,2,0,0,0,2,5,1,1,10,0,0,377,256,191,172,237,175,15545,16016,31561,"Agriculture, forestry & fishing"
"25",15,9,26,19,21,28,5,36,50,6,56,4,120,146,9,0,241,30,0,212,219,441,416,133,55,10528,10894,21422,"Agriculture, forestry & fishing"
"26",78,121,114,90,152,156,89,370,344,182,671,38,1150,1111,136,9,2268,131,6,807,698,1431,1330,513,236,36118,37013,73131,"Agriculture, forestry & fishing"
"27",28,35,34,40,46,45,21,94,88,50,140,8,302,301,22,1,599,16,0,793,698,1758,1738,523,335,36553,37469,74022,"Agriculture, forestry & fishing"
"28",39,66,62,70,84,110,68,204,121,86,211,10,614,489,29,0,1074,38,0,629,564,1949,1796,447,260,30344,31004,61347,"Agriculture, forestry & fishing"
"29",106,56,168,26,8,152,11,212,599,156,1794,175,1779,1484,188,14,3339,75,0,922,747,1910,1936,693,381,40780,41494,82274,"Agriculture, forestry & fishing"
"30",10,12,10,11,11,14,1,28,26,12,45,8,105,82,1,0,179,4,0,970,807,2658,2473,609,453,43934,45237,89171,"Agriculture, forestry & fishing"
"31",5,10,9,6,5,14,5,24,36,12,118,21,112,126,20,6,230,30,5,649,265,1392,1905,1052,630,24405,24462,48867,"Agriculture, forestry & fishing"
"32",1,14,9,11,12,10,5,36,26,9,32,6,64,99,10,0,151,20,0,738,625,2190,2111,573,409,35034,36058,71092,"Agriculture, forestry & fishing"
"33",4,0,0,4,0,0,0,0,0,5,0,0,1,4,1,5,5,0,6,35,36,113,95,24,23,1816,1875,3691,"Production"
"34",1,0,0,2,0,4,34,5,0,0,22,0,6,11,18,34,32,12,22,27,29,63,55,16,9,1376,1414,2790,"Production"
"35",10,6,4,4,2,9,11,6,0,1,19,0,26,40,4,2,68,0,0,906,1006,850,670,714,353,47671,50129,97800,"Production"
"36",6,15,34,25,8,11,2,15,32,24,18,31,31,95,75,20,130,79,14,50,34,25,23,31,23,2043,2105,4147,"Production"
"37",1,10,10,5,12,18,4,25,10,6,20,38,18,48,74,20,90,62,10,55,57,114,107,34,14,2718,2812,5530,"Production"
"38",0,0,0,0,0,0,0,0,6,0,0,8,4,6,2,2,14,1,0,675,584,1197,1113,429,198,30214,30963,61177,"Production"
"39",0,5,0,0,0,0,0,0,0,0,0,2,0,0,1,6,0,5,1,63,55,139,137,41,27,2891,2963,5854,"Production"
"40",8,18,22,24,18,26,61,26,21,20,28,9,106,138,35,2,251,19,0,505,453,1567,1444,359,209,24399,24929,49328,"Production"
"41",11,5,10,10,4,15,24,16,8,2,106,2,56,62,44,51,140,50,22,131,106,270,274,98,54,5773,5874,11647,"Production"
"42",5,6,12,19,16,11,35,12,21,9,11,4,49,98,15,1,145,8,0,807,672,2213,2059,507,377,36577,37662,74239,"Production"
"43",11,40,32,26,34,24,24,30,35,20,36,25,65,131,85,56,210,102,30,236,96,506,692,382,229,8873,8893,17766,"Production"
"44",0,14,11,6,21,15,5,5,5,2,5,11,10,28,32,31,42,40,19,113,96,336,324,88,63,5376,5533,10909,"Production"
"45",19,72,51,32,78,44,61,42,44,31,52,29,86,242,160,68,311,196,44,106,111,341,289,72,70,5508,5688,11196,"Production"
"46",5,15,46,5,5,12,18,15,32,10,121,19,44,120,91,49,165,110,30,54,58,125,110,31,17,2738,2814,5552,"Production"
"47",1,2,5,5,6,5,4,4,2,0,5,8,8,15,12,12,25,11,12,52,58,49,38,41,20,2725,2865,5590,"Production"
"48",0,4,5,1,5,10,18,14,10,2,2,1,25,34,12,1,54,18,0,111,75,56,51,70,51,4577,4715,9292,"Production"
"49",6,48,40,34,34,48,86,58,52,20,31,34,212,161,69,48,369,86,36,69,71,143,135,43,18,3424,3543,6966,"Production"
"50",0,5,9,5,5,5,14,8,5,0,6,0,25,19,9,9,45,10,5,204,177,362,337,130,60,9139,9365,18504,"Production"
"51",0,0,0,0,1,0,0,1,0,2,0,0,0,1,0,5,5,0,0,983,865,2178,2154,648,415,45291,46426,91716,"Production"
"52",15,42,20,20,26,15,44,42,70,29,30,15,96,145,62,64,238,91,39,96,86,297,274,68,40,4625,4725,9350,"Production"
"53",9,48,32,26,14,22,39,31,40,22,25,11,76,196,45,2,235,79,1,305,247,631,640,229,126,13480,13715,27195,"Production"
"54",5,11,11,15,10,19,25,18,14,6,11,6,39,51,20,41,91,31,22,110,91,300,279,69,51,4965,5112,10077,"Production"
"55",0,1,0,0,0,0,0,4,0,0,0,0,1,1,0,2,6,0,0,1588,647,3404,4657,2572,1540,59678,59816,119493,"Production"
"56",74,286,200,152,194,185,436,280,221,140,231,129,829,1354,272,75,1682,744,94,276,234,819,790,214,153,13103,13486,26589,"Production"
"57",10,38,16,11,30,19,68,22,26,11,36,8,95,125,50,25,179,86,25,110,115,355,301,75,73,5722,5909,11632,"Production"
"58",1,1,2,0,0,0,9,5,1,0,0,0,9,10,2,0,15,6,0,121,131,282,248,70,39,6188,6361,12549,"Production"
"59",8,51,35,31,25,36,58,55,39,19,41,11,139,192,52,25,279,101,22,137,152,129,101,108,53,7206,7578,14784,"Production"
"60",2,8,5,5,5,11,11,11,14,1,10,8,26,26,24,15,51,26,10,41,28,21,19,26,19,1689,1740,3429,"Production"
"61",8,18,20,21,14,22,28,35,22,6,15,10,101,56,35,25,150,48,15,68,70,141,133,43,18,3363,3480,6843,"Production"
"62",9,21,18,15,16,16,66,25,21,11,16,9,66,99,48,31,145,61,30,142,123,252,234,90,42,6352,6510,12862,"Production"
"63",2,20,9,9,12,12,42,29,11,6,10,6,79,74,14,4,144,11,1,506,446,1122,1109,334,214,23331,23916,47248,"Production"
"64",29,84,68,60,61,60,180,112,79,38,41,31,265,379,140,59,589,182,40,151,136,469,432,108,63,7307,7466,14774,"Production"
"65",9,32,31,26,24,28,4,20,26,14,18,44,55,81,71,69,166,86,20,144,117,299,303,108,60,6374,6485,12859,"Production"
"66",5,18,31,20,15,28,10,30,21,10,8,10,46,98,34,28,144,41,15,172,143,471,438,108,80,7791,8021,15812,"Production"
"67",15,41,28,19,32,29,81,50,52,19,155,16,242,231,35,29,406,44,21,547,223,1173,1605,886,531,20562,20610,41172,"Production"
"68",0,1,0,1,0,5,1,20,5,0,0,0,14,11,8,1,22,10,0,404,342,1200,1157,314,224,19205,19767,38972,"Production"
"69",0,0,1,5,15,8,1,15,34,4,5,1,36,31,10,10,62,18,8,125,131,403,341,85,83,6497,6709,13206,"Production"
"70",51,134,140,119,112,109,125,175,154,69,115,22,562,632,115,15,1128,156,12,194,209,451,396,111,62,9891,10167,20058,"Production"
"71",0,0,0,0,0,5,0,0,0,2,1,0,0,0,0,10,0,1,9,16,18,15,12,13,6,861,905,1766,"Production"
"72",9,29,20,18,15,22,89,45,34,15,28,16,134,142,44,20,266,49,11,94,63,47,43,59,43,3858,3975,7832,"Production"
"73",0,0,0,0,0,5,0,0,0,0,0,0,0,0,5,0,5,0,0,441,456,916,863,277,115,21869,22630,44499,"Production"
"74",0,15,32,10,5,5,15,8,10,6,12,0,42,44,24,8,79,32,6,214,185,380,353,136,63,9584,9821,19405,"Production"
"75",1,21,44,19,10,12,24,10,11,5,48,4,71,74,46,18,148,54,18,127,112,282,279,84,54,5859,6005,11864,"Production"
"76",22,104,101,172,98,82,142,106,78,42,54,38,386,550,95,9,872,164,9,276,248,856,789,196,114,13326,13616,26942,"Production"
"77",0,9,5,34,0,0,8,2,0,2,6,0,16,29,20,1,50,16,0,321,260,665,674,241,133,14197,14446,28643,"Production"
"78",68,295,191,200,159,201,251,259,161,98,149,78,540,1285,258,26,1655,404,28,319,265,874,814,200,149,14453,14882,29335,"Production"
"79",0,20,20,5,15,5,15,5,10,5,0,4,21,45,19,19,69,21,15,196,80,419,574,317,190,7353,7370,14724,"Production"
"80",0,11,5,8,5,5,0,12,14,1,14,2,24,41,15,0,59,21,0,421,356,1249,1204,327,233,19978,20562,40539,"Production"
"81",0,8,0,0,0,5,0,5,1,0,0,0,0,0,10,9,1,15,2,57,60,184,156,39,38,2969,3066,6035,"Production"
"82",9,30,24,40,20,20,11,21,10,5,9,4,51,86,52,11,135,64,6,89,97,208,183,51,29,4568,4695,9263,"Production"
"83",5,35,22,58,14,20,64,26,20,5,20,6,125,140,24,6,251,32,2,339,377,318,251,267,132,17844,18764,36608,"Production"
"84",0,1,0,4,5,5,30,2,5,0,1,0,24,25,4,0,49,5,0,196,133,99,89,123,90,8054,8297,16351,"Production"
"85",16,49,28,48,39,30,35,32,42,9,16,14,128,185,40,5,285,65,2,140,145,291,274,88,37,6949,7191,14141,"Production"
"86",29,170,126,334,150,130,776,165,70,30,88,19,789,1101,169,28,1760,308,5,522,452,926,861,332,153,23378,23958,47336,"Production"
"87",4,18,6,21,6,11,49,16,6,0,5,1,66,60,12,5,124,24,0,367,323,813,804,242,155,16910,17334,34245,"Production"
"88",25,101,46,180,78,79,308,105,62,22,62,11,508,479,89,5,908,152,5,315,282,975,899,224,130,15187,15517,30704,"Production"
"89",0,0,0,0,0,0,5,0,2,0,0,0,1,5,0,0,5,0,0,1663,1347,3445,3491,1250,688,73532,74819,148351,"Production"
"90",0,8,0,18,1,2,5,1,0,0,4,1,10,21,10,0,28,14,0,253,210,693,645,159,118,11459,11799,23258,"Production"
"91",1,45,1,41,4,2,14,5,5,4,25,0,30,88,26,5,90,59,2,340,139,729,997,551,330,12776,12805,25581,"Production"
"92",0,2,2,5,0,5,0,2,5,1,9,0,8,11,9,5,21,14,2,173,147,515,496,135,96,8237,8478,16715,"Production"
"93",5,29,22,19,81,40,89,46,39,14,14,2,174,180,41,4,335,56,2,330,344,1060,898,223,218,17101,17660,34761,"Production"
"94",4,19,9,45,5,10,60,9,16,5,4,0,70,79,24,11,138,38,10,89,97,208,183,51,29,4565,4693,9258,"Production"
"95",24,40,41,36,44,56,15,48,72,42,82,29,162,242,96,29,405,111,16,183,203,172,135,144,71,9636,10132,19768,"Production"
"96",5,15,15,10,15,16,15,9,9,6,8,5,16,48,45,19,59,56,10,41,28,21,19,26,19,1683,1734,3417,"Production"
"97",0,0,0,0,2,1,1,4,4,0,0,0,1,9,2,0,11,0,0,490,507,1018,959,308,128,24299,25145,49443,"Production"
"98",235,908,808,614,592,698,458,954,671,309,841,246,2448,4176,646,62,6325,850,42,556,481,986,917,354,163,24892,25510,50402,"Production"
"99",15,56,49,35,54,45,10,38,22,15,35,20,60,204,119,11,248,142,8,177,156,392,387,117,75,8143,8347,16490,"Production"
"100",30,88,81,88,106,116,65,132,130,49,45,20,360,506,76,6,850,105,4,358,321,1109,1022,254,148,17274,17649,34923,"Production"
"101",8,46,20,22,21,28,25,26,20,4,12,0,60,104,31,38,158,59,19,148,120,307,311,111,61,6546,6660,13206,"Production"
"102",5,66,35,51,50,51,16,38,30,15,16,15,40,94,181,74,126,225,48,88,73,242,225,55,41,4000,4119,8119,"Production"
"103",0,19,4,9,9,5,12,10,5,6,5,0,19,24,19,22,38,31,12,165,67,354,485,268,160,6209,6223,12432,"Production"
"104",11,31,21,26,25,32,39,41,24,6,18,9,119,115,39,11,229,49,8,395,335,1173,1131,307,219,18767,19316,38083,"Production"
"105",0,5,0,0,0,0,1,0,0,0,4,0,0,0,4,5,4,1,5,33,35,107,91,22,22,1724,1780,3504,"Production"
"106",10,46,38,48,40,48,39,52,26,12,24,9,88,149,132,22,248,135,14,82,89,191,168,47,26,4189,4306,8496,"Production"
"107",0,0,0,1,0,4,14,5,0,0,5,0,11,14,4,0,21,8,0,234,260,219,173,184,91,12299,12933,25232,"Production"
"108",252,934,760,790,761,1060,1328,1468,819,326,400,181,3321,4505,1101,151,7569,1465,124,115,78,58,52,72,53,4725,4868,9592,"Production"
"109",29,132,121,99,119,182,171,229,111,31,62,10,640,554,92,10,1234,105,8,207,214,430,405,130,54,10267,10624,20891,"Production"
"110",5,29,25,30,12,36,51,52,25,10,14,1,92,149,46,5,190,110,0,281,243,498,463,179,82,12571,12883,25454,"Production"
"111",8,44,29,36,21,80,346,142,79,19,31,5,541,280,19,0,846,9,0,876,771,1942,1920,578,370,40365,41377,81742,"Production"
"112",6,18,10,5,15,5,6,10,5,2,6,5,14,24,24,31,54,29,15,69,62,214,197,49,29,3337,3410,6747,"Production"
"113",0,4,0,0,5,1,2,5,1,0,0,0,2,11,2,2,11,4,4,87,70,179,182,65,36,3830,3897,7727,"Production"
"114",0,20,10,5,10,5,4,8,0,5,5,2,5,21,30,19,32,36,6,112,93,307,286,70,52,5078,5228,10306,"Production"
"115",1,28,12,10,6,5,9,8,2,5,5,4,15,38,19,24,58,31,9,225,92,482,659,364,218,8449,8469,16918,"Production"
"116",9,31,9,5,11,15,14,14,8,10,14,0,25,45,29,40,69,39,22,136,115,404,389,106,75,6458,6647,13104,"Production"
"117",0,10,9,5,5,6,1,10,5,0,2,9,15,16,25,6,42,18,2,154,161,496,421,104,102,8007,8268,16275,"Production"
"118",18,71,26,40,44,28,20,45,30,21,21,8,70,154,94,54,238,118,18,78,85,183,160,45,25,4000,4112,8112,"Production"
"119",4,10,5,10,5,10,5,11,4,6,5,1,15,22,24,14,46,24,5,115,128,108,85,91,45,6070,6383,12454,"Production"
"120",16,62,44,41,60,44,25,38,40,10,21,10,68,184,116,45,258,125,25,54,36,27,25,34,25,2218,2285,4503,"Production"
"121",14,60,32,40,26,35,34,52,25,19,30,15,119,139,90,35,255,101,20,71,74,148,139,45,19,3531,3654,7186,"Production"
"122",12,59,36,36,35,56,176,118,51,28,34,8,288,244,82,34,504,95,25,313,271,555,516,199,92,14007,14354,28361,"Production"
"123",0,0,1,5,1,0,1,4,0,0,0,0,2,6,1,2,10,0,2,91,80,202,199,60,38,4194,4299,8492,"Production"
"124",1,21,6,8,11,9,2,10,1,5,2,0,12,28,24,14,42,30,5,103,92,319,294,73,43,4963,5071,10034,"Production"
"125",0,10,1,8,6,10,6,12,5,0,4,0,12,20,15,15,36,14,10,101,82,209,212,76,42,4457,4534,8991,"Production"
"126",21,85,44,34,40,36,39,71,31,26,35,16,108,175,139,58,324,131,29,169,140,463,431,106,79,7649,7876,15525,"Production"
"127",0,5,5,0,0,0,0,0,0,0,0,0,0,0,1,8,0,4,5,68,28,146,200,110,66,2561,2567,5128,"Production"
"128",8,29,12,10,11,18,40,35,10,6,9,6,55,85,34,20,146,32,15,245,208,728,702,190,136,11652,11993,23644,"Production"
"129",14,41,26,28,24,58,90,85,31,15,24,11,148,165,59,74,316,59,62,97,101,312,264,66,64,5035,5200,10235,"Production"
"130",1,2,4,5,5,4,0,0,5,0,5,1,2,11,11,8,14,10,10,26,29,62,54,15,8,1350,1388,2738,"Production"
"131",20,75,48,60,70,45,19,65,54,21,20,22,92,209,170,46,288,198,34,106,117,99,78,83,41,5551,5837,11389,"Production"
"132",19,61,45,69,48,44,18,51,41,21,15,16,48,146,170,84,214,182,56,34,23,17,15,21,16,1382,1424,2806,"Production"
"133",12,56,36,62,84,59,38,66,29,25,18,11,45,170,195,86,224,222,56,40,41,83,78,25,10,1979,2048,4027,"Production"
"134",76,215,221,152,224,160,88,160,150,106,68,71,194,819,558,121,968,625,86,188,163,333,310,119,55,8408,8616,17024,"Production"
"135",82,282,234,255,290,304,145,352,235,126,95,86,632,1195,546,114,1720,691,100,171,150,378,374,113,72,7865,8062,15928,"Production"
"136",11,56,50,34,41,52,49,54,24,25,20,19,81,196,131,26,256,156,26,109,98,339,312,78,45,5275,5390,10665,"Production"
"137",0,5,5,1,5,5,2,5,8,5,5,0,16,25,0,5,31,10,5,131,106,271,275,99,54,5795,5896,11691,"Production"
"138",5,10,0,1,5,2,0,5,5,0,5,0,2,10,19,9,15,19,6,82,68,225,209,51,38,3718,3828,7546,"Production"
"139",11,18,19,16,30,28,21,29,25,9,16,5,69,115,38,5,190,35,4,589,240,1263,1727,954,571,22135,22186,44320,"Production"
"140",5,10,20,10,21,5,6,6,5,4,1,2,15,41,30,9,60,31,5,234,198,694,669,181,130,11101,11425,22526,"Production"
"141",0,5,5,5,8,5,5,9,4,5,1,5,12,36,5,1,50,6,0,421,439,1354,1147,285,278,21846,22560,44405,"Production"
"142",10,12,14,6,14,16,9,18,5,2,5,5,28,66,16,6,94,21,5,102,110,238,209,59,33,5216,5362,10578,"Production"
"143",5,12,6,19,40,15,26,34,35,9,11,5,108,86,14,10,182,22,9,212,235,198,156,167,82,11128,11702,22829,"Production"
"144",0,0,0,0,5,0,2,0,0,0,0,2,1,0,9,0,5,5,0,63,43,32,29,39,29,2591,2669,5260,"Production"
"145",0,5,0,0,2,0,0,0,0,0,1,0,1,5,2,0,9,0,0,441,456,916,863,277,115,21869,22630,44499,"Production"
"146",0,0,5,0,0,0,0,0,0,0,0,0,0,0,0,5,0,5,0,123,106,218,202,78,36,5493,5630,11123,"Production"
"147",0,5,0,5,10,5,2,8,6,1,1,0,24,11,6,2,36,8,0,362,319,803,793,239,153,16686,17104,33790,"Production"
"148",0,0,0,0,0,0,0,0,1,4,0,1,1,0,0,5,2,5,0,90,81,278,256,64,37,4333,4427,8761,"Production"
"149",0,0,0,5,0,0,0,0,0,0,0,1,0,0,1,5,0,2,4,32,26,67,68,24,13,1425,1450,2875,"Production"
"150",15,46,74,59,39,49,30,45,62,44,35,62,96,250,168,45,346,180,28,171,142,469,436,107,80,7748,7977,15725,"Production"
"151",0,5,5,0,0,5,5,5,2,0,0,10,12,16,4,5,29,5,5,223,91,478,654,361,216,8382,8401,16783,"Production"
"152",12,34,30,15,22,25,22,32,19,19,11,18,28,111,109,12,170,76,6,312,264,927,894,243,173,14837,15271,30108,"Production"
"153",0,0,0,0,0,0,0,4,0,0,5,0,0,0,4,5,2,4,1,73,76,235,199,49,48,3798,3922,7720,"Production"
"154",6,8,12,10,10,10,5,15,14,5,5,4,24,65,11,4,76,25,1,127,137,297,260,73,41,6497,6679,13177,"Production"
"155",30,110,102,101,89,110,105,139,159,75,95,78,266,750,172,4,970,208,5,287,319,270,212,226,112,15111,15890,31002,"Production"
"156",0,5,5,2,10,6,4,5,4,0,4,0,8,18,15,5,26,15,5,38,26,19,18,24,18,1585,1633,3219,"Production"
"157",6,29,19,14,15,15,11,20,14,8,8,10,36,64,45,22,108,51,12,57,59,118,112,36,15,2826,2924,5750,"Production"
"158",35,69,85,78,95,46,48,65,48,42,64,48,249,326,102,42,600,126,21,319,276,566,526,203,93,14284,14638,28922,"Production"
"159",15,42,25,25,61,32,19,21,20,12,25,8,74,135,82,16,212,86,10,181,160,402,397,119,77,8349,8559,16908,"Production"
"160",0,0,5,0,5,0,0,0,0,0,0,0,0,0,5,5,0,10,0,75,67,233,214,53,31,3624,3703,7327,"Production"
"161",0,2,5,0,0,0,0,0,0,0,0,0,2,0,2,0,5,2,0,256,207,530,537,192,106,11313,11511,22823,"Production"
"162",2,5,5,0,12,5,0,0,0,4,0,0,0,9,19,6,9,19,4,95,79,260,242,59,44,4294,4421,8715,"Production"
"163",1,1,8,0,5,0,0,0,0,0,4,2,5,2,10,4,10,12,0,286,117,613,839,463,277,10747,10772,21519,"Production"
"164",0,0,5,2,9,5,8,5,0,1,5,0,15,14,5,5,35,8,0,541,458,1604,1547,420,300,25668,26418,52086,"Production"
"165",5,16,12,11,25,5,8,18,10,8,6,6,28,51,31,20,79,41,9,119,124,383,325,81,79,6181,6383,12564,"Production"
"166",0,5,0,1,2,0,0,4,0,0,0,5,2,0,5,10,6,8,2,42,45,97,85,24,13,2121,2181,4302,"Production"
"167",0,5,5,1,16,0,0,5,1,0,0,0,1,14,9,10,15,15,4,78,86,73,57,61,30,4076,4286,8362,"Production"
"168",2,6,10,9,20,10,10,19,8,4,9,5,55,38,8,11,100,12,9,62,42,31,28,39,29,2562,2640,5202,"Production"
"169",0,5,0,0,0,0,0,0,0,0,0,0,0,2,0,2,4,0,1,33,34,69,65,21,9,1650,1708,3358,"Production"
"170",5,15,15,10,18,6,5,6,10,2,5,2,15,41,34,9,52,42,9,141,122,250,232,90,41,6311,6467,12778,"Production"
"171",2,9,11,9,10,5,5,8,9,5,5,0,18,36,22,2,50,22,8,113,100,251,248,75,48,5219,5350,10570,"Production"
"172",5,10,11,15,34,11,2,20,10,5,5,0,24,42,52,10,60,59,11,84,75,260,239,60,35,4046,4133,8179,"Production"
"173",5,1,10,5,31,8,10,9,10,4,5,0,22,42,28,5,55,38,5,151,122,312,316,113,62,6661,6778,13439,"Production"
"174",161,332,352,276,405,328,189,372,249,155,222,129,669,1470,891,141,2022,1064,74,206,171,564,525,129,96,9327,9603,18930,"Production"
"175",48,165,128,85,150,128,195,169,111,56,58,82,205,771,356,41,968,381,28,417,170,894,1224,676,405,15678,15715,31393,"Production"
"176",9,16,6,6,22,19,6,18,4,6,5,2,36,56,16,10,96,19,9,257,218,764,737,200,143,12227,12584,24811,"Production"
"177",0,25,21,12,19,10,4,6,10,8,12,9,15,45,65,11,51,80,9,88,92,285,241,60,59,4591,4741,9332,"Production"
"178",5,4,11,8,14,9,5,5,10,8,9,0,26,36,15,8,68,16,5,88,95,206,180,51,28,4503,4630,9133,"Production"
"179",0,0,10,10,20,10,10,19,10,5,10,0,31,39,18,16,72,22,9,116,128,108,85,91,45,6079,6392,12471,"Production"
"180",18,46,55,40,148,62,16,80,48,19,30,4,99,261,171,34,332,211,32,50,34,25,23,31,23,2052,2114,4165,"Production"
"181",42,150,124,116,295,124,46,149,99,48,72,28,244,736,292,20,794,480,24,78,81,163,154,49,20,3893,4028,7921,"Production"
"182",669,1840,1285,1365,1859,1494,914,1968,1311,711,1216,455,7474,5890,1626,96,12576,2095,78,515,446,914,850,328,151,23081,23654,46735,"Production"
"183",0,0,15,5,4,1,4,0,4,0,0,0,11,16,5,0,21,10,0,243,214,539,533,160,103,11215,11496,22711,"Production"
"184",22,78,21,38,92,75,112,105,58,22,31,5,279,298,69,15,560,86,10,271,243,841,775,193,112,13098,13383,26482,"Production"
"185",25,86,119,109,241,84,38,142,95,39,38,10,262,518,226,19,709,314,10,244,198,505,512,183,101,10783,10971,21754,"Production"
"186",0,5,4,0,6,0,2,4,5,0,0,0,0,14,9,4,19,9,0,258,215,707,658,162,121,11689,12035,23724,"Production"
"187",1,10,10,5,26,9,5,2,1,6,2,0,10,30,22,16,54,20,15,153,62,327,448,247,148,5738,5752,11490,"Production"
"188",9,42,44,30,106,32,16,45,22,14,12,14,71,179,116,20,239,142,14,247,209,732,706,192,137,11716,12059,23775,"Production"
"189",5,10,19,14,74,21,11,15,5,5,5,0,38,81,51,14,96,72,10,117,122,377,319,79,77,6080,6279,12359,"Production"
"190",120,359,375,309,542,350,185,410,315,131,208,99,1054,1830,471,48,2796,605,29,159,171,370,324,91,51,8097,8323,16420,"Production"
"191",20,54,29,40,50,74,50,136,52,25,44,8,178,251,119,34,421,140,25,153,170,143,113,120,60,8034,8448,16481,"Production"
"192",12,19,19,14,20,61,20,70,34,10,20,5,61,122,104,18,160,130,15,49,33,25,22,31,23,2018,2079,4097,"Production"
"193",15,82,58,58,81,98,136,150,74,20,38,10,392,321,81,22,741,78,14,158,164,329,310,100,41,7849,8122,15971,"Production"
"194",42,128,96,95,96,142,131,246,100,40,64,8,499,519,130,41,1024,140,25,421,364,746,694,268,123,18835,19302,38138,"Production"
"195",5,30,35,31,25,79,91,122,45,18,24,5,219,215,62,14,435,72,6,324,286,719,711,214,137,14950,15325,30275,"Production"
"196",59,208,125,156,182,309,130,435,192,66,114,36,604,754,520,134,1370,558,88,140,125,434,400,99,58,6755,6902,13657,"Production"
"197",0,5,2,5,5,12,14,12,10,0,0,5,30,36,5,0,65,6,0,590,479,1223,1240,444,244,26114,26571,52685,"Production"
"198",4,10,5,5,6,29,19,32,5,10,6,1,30,51,35,18,81,40,11,138,115,379,352,87,65,6261,6446,12707,"Production"
"199",5,20,15,18,16,48,41,72,29,12,28,4,109,126,56,16,239,61,8,474,193,1016,1390,768,460,17816,17858,35674,"Production"
"200",0,4,0,0,1,2,11,6,6,0,0,0,18,14,0,0,32,0,0,1527,1292,4531,4369,1185,847,72499,74619,147118,"Production"
"201",11,25,26,29,21,28,15,64,34,10,18,15,51,115,90,38,151,118,29,91,95,293,248,62,60,4722,4876,9598,"Production"
"202",20,59,54,71,70,64,26,95,51,16,30,26,96,244,211,31,346,221,24,75,81,174,152,43,24,3804,3911,7715,"Production"
"203",5,8,5,1,8,5,9,6,5,1,5,0,12,19,18,9,31,24,4,101,112,95,75,80,39,5317,5591,10908,"Production"
"204",0,0,5,0,0,6,1,11,5,1,5,0,12,11,9,4,24,14,0,75,51,38,34,47,35,3109,3203,6312,"Production"
"205",10,31,15,21,11,28,14,42,24,11,15,5,61,72,69,25,130,86,14,57,59,118,111,36,15,2817,2915,5732,"Production"
"206",0,8,5,10,5,5,10,18,4,1,4,0,18,20,21,10,31,25,10,115,100,204,190,73,34,5153,5280,10433,"Production"
"207",18,76,78,64,62,91,119,136,41,14,30,6,219,308,175,34,514,195,25,185,163,410,405,122,78,8516,8730,17246,"Production"
"208",5,22,24,9,22,22,20,21,16,5,9,2,48,75,40,18,122,41,19,98,87,302,279,69,40,4708,4810,9517,"Production"
"209",4,12,16,10,16,14,5,19,18,1,10,4,20,71,29,9,94,29,6,198,160,409,415,148,82,8736,8888,17624,"Production"
"210",21,72,64,55,72,95,59,124,78,34,25,14,236,291,166,19,526,174,15,253,210,693,644,159,118,11447,11786,23232,"Production"
"211",20,26,14,20,31,19,14,45,31,12,29,15,110,108,31,28,216,34,24,309,126,662,906,500,300,11610,11637,23246,"Production"
"212",10,15,24,19,24,15,2,19,19,5,15,4,26,64,60,20,78,75,15,163,138,485,467,127,91,7757,7983,15740,"Production"
"213",10,30,24,22,42,29,12,51,30,5,20,5,36,116,95,34,158,100,25,100,104,321,272,67,66,5173,5342,10515,"Production"
"214",6,21,21,15,16,11,9,16,19,10,15,0,18,45,65,31,64,69,25,39,42,91,80,23,13,2003,2059,4062,"Production"
"215",9,15,32,20,41,15,9,20,12,6,8,5,28,88,55,22,111,71,15,99,110,93,73,78,38,5194,5462,10655,"Production"
"216",5,16,14,15,49,10,14,14,8,5,9,2,36,72,44,8,114,48,5,68,46,34,31,43,32,2806,2891,5698,"Production"
"217",30,81,88,96,126,95,62,105,66,32,56,25,205,354,249,58,550,275,34,72,75,150,142,46,19,3589,3714,7304,"Production"
"218",2,11,10,15,12,16,10,15,8,1,5,2,24,52,16,15,85,19,11,172,149,305,284,109,50,7697,7888,15585,"Production"
"219",0,0,0,0,5,0,0,5,0,0,0,0,0,6,4,0,5,5,0,164,144,363,359,108,69,7548,7738,15286,"Production"
"220",21,85,69,60,109,82,69,154,65,22,45,20,199,349,201,52,574,198,38,143,128,444,409,102,59,6912,7062,13975,"Production"
"221",44,149,131,138,190,158,52,199,112,60,62,35,336,605,328,61,981,332,38,226,183,469,475,170,94,10009,10184,20194,"Production"
"222",21,48,58,62,54,64,24,45,48,16,49,61,221,214,89,25,430,92,18,267,222,732,681,168,125,12099,12458,24557,"Production"
"223",14,29,45,39,89,32,34,56,36,15,26,8,166,179,69,8,339,75,10,504,206,1081,1478,817,489,18943,18987,37931,"Production"
"224",10,44,34,45,100,42,12,41,32,14,18,8,124,210,61,5,322,84,4,444,376,1317,1270,344,246,21072,21688,42760,"Production"
"225",0,0,5,0,5,0,0,0,0,0,0,0,0,4,5,1,0,9,1,56,58,180,153,38,37,2905,3000,5905,"Production"
"226",14,19,14,32,34,22,16,20,14,8,22,44,55,92,82,29,155,80,22,61,66,142,124,35,19,3104,3191,6295,"Production"
"227",9,56,56,42,52,54,40,50,39,10,31,8,108,231,91,18,345,98,5,226,251,212,167,179,88,11911,12525,24436,"Production"
"228",0,24,22,29,6,11,10,10,5,5,4,0,44,58,24,1,104,22,4,88,60,45,40,55,41,3643,3753,7396,"Production"
"229",0,10,5,5,1,9,0,5,5,1,0,0,2,11,20,5,18,20,5,37,39,77,73,23,10,1850,1915,3765,"Production"
"230",9,49,40,58,71,48,29,62,45,8,30,5,134,264,56,0,424,42,0,685,593,1215,1130,436,201,30680,31441,62120,"Production"
"231",12,55,62,62,55,59,31,72,48,28,30,16,139,211,156,25,345,156,18,178,156,394,389,117,75,8187,8393,16580,"Production"
"232",16,104,98,96,154,104,84,160,76,32,41,21,350,519,70,49,878,86,32,236,212,732,674,168,98,11392,11640,23032,"Production"
"233",31,114,104,116,95,78,22,89,105,49,51,51,258,415,181,51,666,190,35,223,180,461,467,167,92,9845,10017,19862,"Production"
"234",5,18,15,18,31,34,25,16,19,4,8,0,85,64,34,8,149,40,4,278,232,763,710,175,130,12617,12991,25607,"Production"
"235",38,118,88,134,239,180,80,178,106,61,29,29,438,485,201,152,866,240,131,252,103,540,739,408,244,9465,9487,18951,"Production"
"236",25,26,18,14,16,40,20,105,65,11,84,15,170,208,44,18,406,35,14,471,399,1398,1348,366,261,22371,23025,45396,"Production"
"237",5,32,12,51,31,61,24,142,109,16,21,1,175,272,54,6,446,54,6,334,348,1075,911,226,221,17337,17904,35241,"Production"
"238",0,15,19,29,18,9,11,19,4,4,16,0,86,32,10,14,116,11,10,98,106,228,200,56,31,4990,5129,10119,"Production"
"239",15,101,36,42,54,104,45,185,119,54,31,46,511,168,76,78,681,82,72,135,150,126,100,106,53,7087,7452,14539,"Production"
"240",0,2,1,0,2,2,0,0,8,0,0,0,6,2,1,6,10,4,1,54,37,27,25,34,25,2221,2288,4509,"Production"
"241",0,11,5,12,11,16,10,20,16,6,1,0,44,55,10,1,92,14,0,199,206,413,390,125,52,9869,10213,20082,"Production"
"242",1,15,12,9,25,12,24,34,18,10,10,5,72,70,28,5,134,30,5,331,287,587,546,210,97,14816,15183,29999,"Production"
"243",6,6,6,14,18,12,8,14,10,2,4,1,38,51,11,0,82,15,0,402,354,891,881,265,170,18528,18992,37520,"Production"
"244",19,101,111,99,85,141,88,106,79,20,29,18,169,432,250,45,595,269,35,139,125,432,398,99,58,6730,6877,13607,"Production"
"245",45,139,105,124,120,138,122,166,144,34,50,178,272,888,179,25,1069,238,25,307,248,635,644,230,127,13557,13794,27351,"Production"
"246",0,20,95,10,14,5,8,5,10,0,5,1,20,74,60,19,81,69,18,114,95,312,290,71,53,5158,5311,10469,"Production"
"247",102,409,391,342,346,446,469,576,378,130,148,135,1122,2208,482,60,3148,668,60,570,232,1221,1671,923,553,21414,21464,42878,"Production"
"248",15,55,76,50,188,109,436,179,88,28,64,10,482,691,108,14,1199,88,4,876,742,2601,2507,680,486,41612,42828,84440,"Production"
"249",1,6,8,8,22,16,50,20,10,6,10,0,70,75,12,0,139,15,0,461,480,1482,1256,312,305,23913,24695,48608,"Production"
"250",10,18,18,22,19,22,36,44,35,5,31,11,141,114,16,0,249,22,0,278,300,646,567,160,88,14163,14560,28723,"Production"
"251",19,82,72,72,66,95,89,109,92,46,48,16,312,396,86,12,692,98,8,318,353,299,235,251,124,16747,17611,34358,"Production"
"252",19,41,38,51,48,134,89,94,65,30,30,8,351,244,41,9,565,54,5,173,117,88,79,108,80,7130,7346,14476,"Production"
"253",51,225,181,115,170,202,281,344,178,91,120,62,449,1116,370,86,1504,446,70,90,93,187,176,57,23,4459,4615,9074,"Production"
"254",5,5,10,5,10,2,8,6,5,1,0,0,11,26,19,0,28,28,0,235,204,417,388,150,69,10529,10790,21319,"Production"
"255",122,472,362,356,506,449,465,598,441,224,354,54,1689,2394,295,26,4028,338,12,517,456,1147,1134,341,219,23843,24441,48284,"Production"
"256",51,122,94,85,89,129,52,119,94,68,124,14,529,445,60,6,966,68,2,468,420,1452,1338,333,194,22610,23101,45711,"Production"
"257",154,490,459,482,475,450,230,544,444,241,406,215,1925,2112,494,59,3984,492,49,430,348,890,902,323,178,19006,19339,38345,"Production"
"258",18,45,29,32,36,58,38,70,34,14,24,5,175,178,38,11,342,49,11,315,262,863,802,197,147,14257,14679,28936,"Production"
"259",54,130,92,95,115,124,114,145,88,42,99,30,524,518,81,5,1020,79,5,1048,427,2246,3073,1697,1016,39372,39463,78835,"Production"
"260",25,32,32,25,22,66,21,191,116,35,69,15,161,412,65,12,539,86,8,555,470,1648,1589,431,308,26364,27135,53499,"Production"
"261",25,175,75,92,54,346,60,300,265,218,100,191,1579,224,59,40,1879,64,26,434,453,1396,1183,293,287,22526,23263,45789,"Production"
"262",35,106,115,162,96,121,134,185,89,45,95,11,568,579,35,14,1175,35,10,295,318,686,602,169,94,15031,15452,30483,"Production"
"263",56,149,116,89,120,121,114,176,92,52,108,9,561,575,64,2,1125,68,0,543,603,510,401,428,212,28579,30052,58631,"Production"
"264",90,239,202,175,252,220,192,348,185,71,156,45,828,1035,258,56,1906,245,30,135,91,68,61,84,62,5545,5713,11258,"Production"
"265",69,204,208,164,169,220,1301,410,482,174,616,412,1496,1994,841,96,3975,350,16,226,234,470,443,142,59,11213,11603,22816,"Production"
"266",0,0,0,0,0,0,12,1,0,0,5,5,1,1,6,15,22,0,0,1424,1233,2526,2350,906,417,63785,65366,129151,"Production"
"267",0,2,8,2,4,0,5,10,5,0,6,11,11,16,5,21,38,4,18,55,49,123,121,37,23,2552,2616,5169,"Production"
"268",49,110,49,50,54,50,179,95,55,14,48,19,226,426,74,44,655,56,12,335,300,1038,957,238,139,16167,16518,32685,"Production"
"269",0,0,0,0,0,0,0,0,0,0,0,5,0,4,0,1,5,0,0,1108,898,2296,2328,833,458,49022,49879,98901,"Production"
"270",0,5,2,0,1,0,6,1,0,2,5,8,0,5,8,19,14,12,8,67,56,184,171,42,31,3041,3131,6172,"Production"
"271",5,9,8,6,9,8,25,11,4,2,8,1,22,58,10,5,76,10,1,758,309,1625,2223,1228,735,28489,28555,57044,"Production"
"272",0,1,1,0,1,0,5,1,0,0,5,10,9,10,6,0,20,2,0,836,707,2480,2391,649,464,39684,40844,80528,"Production"
"273",2,4,11,5,15,10,4,15,11,5,10,14,25,25,29,28,60,20,25,62,64,199,168,42,41,3203,3307,6510,"Production"
"274",20,111,82,84,88,152,70,169,108,54,58,38,291,571,150,20,824,181,10,158,171,368,323,91,50,8064,8290,16354,"Production"
"275",80,310,199,174,262,299,391,372,200,130,132,66,571,1488,469,89,2015,495,48,224,249,211,166,177,87,11807,12415,24222,"Production"
"276",5,20,12,5,14,9,9,18,10,9,5,5,32,62,22,2,96,21,0,137,93,69,63,86,64,5653,5824,11477,"Production"
"277",44,116,91,72,108,119,109,165,89,58,59,25,200,518,255,81,765,239,32,93,96,192,181,58,24,4594,4754,9348,"Production"
"278",5,18,10,9,18,16,1,8,10,5,9,4,29,51,24,8,82,20,6,244,211,433,403,155,71,10931,11202,22133,"Production"
"279",2,6,10,6,5,10,1,9,5,2,2,0,19,39,2,0,59,2,0,684,602,1515,1498,451,289,31506,32296,63803,"Production"
"280",56,202,152,164,191,159,138,190,122,99,102,70,271,838,432,106,1236,409,28,191,172,593,546,136,79,9234,9435,18668,"Production"
"281",50,111,98,74,96,141,91,151,52,40,65,21,284,535,160,12,809,154,6,391,317,809,820,294,162,17277,17580,34857,"Production"
"282",791,3591,2570,2539,2758,4099,9855,6121,3301,1051,1838,1039,12169,20538,6385,461,37094,1235,25,861,716,2360,2195,540,402,39004,40160,79164,"Construction"
"283",1216,4652,3609,3762,4039,7332,12935,9670,5806,2331,2561,2341,13079,40929,5374,875,55154,3175,244,1169,477,2507,3430,1895,1134,43953,44055,88008,"Construction"
"284",192,405,292,351,331,459,339,754,411,184,258,284,1244,2384,510,122,3664,429,40,652,552,1934,1865,506,362,30944,31849,62793,"Construction"
"285",35,228,331,102,152,294,800,390,48,281,182,5,1626,1146,50,26,2752,38,9,703,733,2261,1915,475,465,36469,37661,74131,"Construction"
"286",0,9,8,4,6,6,31,9,6,5,10,5,39,41,16,2,88,11,0,237,256,553,485,136,76,12112,12451,24564,"Construction"
"287",35,49,51,25,45,56,32,59,35,28,56,19,176,240,64,10,441,46,6,328,364,307,242,258,128,17226,18114,35340,"Construction"
"288",51,88,74,52,54,91,125,94,64,45,80,41,249,474,108,29,752,71,10,159,108,80,73,100,74,6556,6754,13310,"Construction"
"289",14,30,28,34,22,39,28,64,35,12,25,5,76,199,49,11,282,36,4,170,176,353,333,107,44,8433,8726,17159,"Construction"
"290",484,1601,1131,1170,1338,1919,1844,2596,1576,876,931,435,4666,9059,1811,365,14552,1342,141,590,511,1046,973,375,173,26410,27065,53475,"Construction"
"291",18,95,80,39,72,112,105,101,49,26,40,21,118,472,148,21,625,124,8,316,278,700,692,208,133,14553,14918,29472,"Construction"
"292",109,358,259,216,238,365,464,552,322,162,238,180,1329,1779,315,40,3185,234,15,440,394,1363,1256,312,182,21216,21677,42893,"Construction"
"293",25,21,18,18,10,34,16,36,26,14,32,12,68,152,41,1,218,41,2,365,296,757,767,275,151,16161,16444,32605,"Construction"
"294",1530,4450,3550,3458,3684,5784,5435,7808,4178,1781,2844,1398,21111,21581,2952,252,42344,2955,118,643,535,1762,1639,403,300,29116,29979,59095,"Construction"
"295",1096,3326,2809,2826,2905,5021,4124,6860,3835,1459,2598,1016,14889,20630,2154,201,35094,2078,90,1204,491,2581,3531,1950,1168,45245,45349,90594,"Construction"
"296",229,820,679,625,761,1129,1178,1444,715,330,498,168,2058,5574,876,68,7725,640,21,860,728,2553,2461,668,477,40844,42038,82881,"Construction"
"297",154,618,498,416,440,722,748,824,605,236,295,292,1781,3669,369,29,5588,158,0,710,740,2284,1935,480,470,36841,38046,74887,"Construction"
"298",774,2705,2225,1950,1998,3131,2668,4259,2592,1076,2915,1101,11406,14174,1694,120,25991,1202,25,344,371,801,703,198,110,17540,18031,35570,"Construction"
"299",264,829,610,591,706,1144,935,1379,765,306,481,199,2738,4861,589,21,7712,381,5,570,633,535,421,449,222,29971,31516,61487,"Construction"
"300",441,1341,1008,1018,1042,1869,2320,2574,1295,478,1150,351,4055,9935,856,38,14071,725,15,246,167,125,112,154,114,10151,10459,20610,"Construction"
"301",411,2386,1185,1502,1859,3405,5456,4008,2140,885,855,246,7746,14786,1718,89,22958,836,15,326,337,677,639,205,85,16175,16738,32913,"Construction"
"302",384,908,694,599,748,1152,776,1649,956,341,848,154,2769,5641,745,52,8468,589,11,801,694,1421,1322,510,235,35881,36771,72652,"Construction"
"303",828,2138,1558,1638,1874,3214,3386,4265,2574,1218,1675,926,10191,12691,2201,208,22825,1814,94,524,461,1161,1148,345,221,24133,24738,48871,"Construction"
"304",601,2024,1700,1670,1715,2166,1636,2919,1810,886,856,805,3419,10368,4149,854,16968,1550,250,334,299,1034,953,237,138,16102,16452,32554,"Wholesale and retail; repair of motor vehicles"
"305",42,168,124,160,156,136,86,152,140,71,76,65,268,725,299,86,1165,165,24,366,297,759,769,275,152,16203,16487,32690,"Wholesale and retail; repair of motor vehicles"
"306",1429,4809,3852,3836,4469,5081,3880,6632,4585,2304,3194,1211,13982,28839,2228,235,41618,3108,104,632,526,1732,1612,397,295,28632,29481,58113,"Wholesale and retail; repair of motor vehicles"
"307",119,438,419,394,542,491,390,558,310,161,185,282,884,2345,869,191,3482,758,81,536,219,1149,1572,869,520,20150,20196,40346,"Wholesale and retail; repair of motor vehicles"
"308",141,569,431,366,528,444,410,510,354,202,212,170,1141,2656,478,64,3826,424,28,698,591,2073,1998,542,387,33160,34130,67290,"Wholesale and retail; repair of motor vehicles"
"309",62,232,199,220,190,241,190,321,266,94,95,49,485,1339,308,29,1960,190,8,434,452,1395,1182,293,287,22512,23248,45760,"Wholesale and retail; repair of motor vehicles"
"310",16,52,60,60,55,68,40,50,88,54,64,55,235,290,116,20,595,64,4,226,244,527,463,130,72,11548,11871,23419,"Wholesale and retail; repair of motor vehicles"
"311",31,144,125,86,105,131,225,142,79,45,51,42,352,641,172,41,1129,84,2,469,520,440,346,369,183,24640,25911,50551,"Wholesale and retail; repair of motor vehicles"
"312",38,158,120,105,125,206,199,234,152,66,79,35,388,780,320,29,1339,181,0,172,116,87,78,108,79,7073,7287,14360,"Wholesale and retail; repair of motor vehicles"
"313",49,198,165,186,239,228,198,370,201,92,144,72,689,1045,362,45,1958,174,1,240,248,499,470,151,63,11911,12326,24237,"Wholesale and retail; repair of motor vehicles"
"314",24,121,101,81,112,149,211,179,81,34,62,29,504,576,100,5,1118,60,1,869,753,1541,1434,553,255,38917,39882,78798,"Wholesale and retail; repair of motor vehicles"
"315",25,248,126,175,128,154,488,212,86,35,65,36,692,872,191,21,1656,112,5,556,489,1232,1218,366,235,25608,26249,51857,"Wholesale and retail; repair of motor vehicles"
"316",11,90,71,79,75,138,309,192,75,42,76,28,326,595,228,38,1069,115,0,420,376,1301,1199,298,174,20264,20705,40969,"Wholesale and retail; repair of motor vehicles"
"317",86,396,254,302,304,419,642,629,384,138,206,56,1308,1904,545,59,3601,275,10,594,481,1230,1246,446,245,26252,26711,52963,"Wholesale and retail; repair of motor vehicles"
"318",24,166,101,121,129,156,429,238,109,40,79,12,618,821,155,10,1492,66,0,816,679,2237,2081,512,382,36973,38069,75041,"Wholesale and retail; repair of motor vehicles"
"319",19,98,91,104,94,136,65,99,118,60,96,80,215,441,296,106,860,188,14,582,237,1248,1707,943,565,21878,21929,43807,"Wholesale and retail; repair of motor vehicles"
"320",15,61,44,75,54,86,129,114,70,19,32,22,152,390,160,19,592,132,9,460,390,1366,1317,357,255,21862,22501,44363,"Wholesale and retail; repair of motor vehicles"
"321",12,38,50,39,42,54,16,49,56,28,55,38,204,199,62,11,431,35,0,519,541,1668,1413,351,343,26908,27788,54697,"Wholesale and retail; repair of motor vehicles"
"322",0,10,9,20,10,9,44,24,5,1,5,1,38,52,41,6,122,20,0,204,220,475,417,117,65,10402,10694,21096,"Wholesale and retail; repair of motor vehicles"
"323",50,176,149,166,194,270,642,262,118,49,120,94,338,1035,738,180,1758,460,49,209,232,196,154,165,81,10982,11548,22530,"Wholesale and retail; repair of motor vehicles"
"324",34,275,164,100,254,226,359,414,119,85,134,62,248,1194,631,152,1724,479,22,103,70,52,47,65,48,4262,4391,8654,"Wholesale and retail; repair of motor vehicles"
"325",14,95,50,51,69,58,146,90,79,44,39,45,174,336,190,78,609,149,19,108,112,224,211,68,28,5351,5538,10889,"Wholesale and retail; repair of motor vehicles"
"326",68,252,172,160,228,276,1076,526,256,86,231,72,1102,1491,635,176,2955,399,44,482,418,855,795,307,141,21593,22129,43722,"Wholesale and retail; repair of motor vehicles"
"327",2,32,15,6,10,10,31,19,9,9,8,5,29,88,25,15,125,16,2,358,315,794,785,236,151,16505,16919,33424,"Wholesale and retail; repair of motor vehicles"
"328",18,76,54,41,61,62,176,78,45,18,46,59,180,365,146,42,566,150,6,240,215,743,685,170,99,11568,11819,23387,"Wholesale and retail; repair of motor vehicles"
"329",15,48,40,32,36,58,232,119,61,16,51,22,271,328,109,24,625,78,5,469,380,972,985,353,194,20751,21114,41865,"Wholesale and retail; repair of motor vehicles"
"330",42,134,174,61,99,138,356,174,150,51,231,71,306,730,521,124,1294,352,24,299,249,819,762,188,140,13539,13941,27480,"Wholesale and retail; repair of motor vehicles"
"331",72,349,210,191,262,316,971,415,219,76,195,114,652,1524,905,310,2612,681,100,446,182,955,1307,722,432,16747,16785,33532,"Wholesale and retail; repair of motor vehicles"
"332",31,429,231,259,159,149,688,202,89,30,71,29,572,1290,432,71,2011,334,16,578,490,1717,1655,449,321,27469,28272,55742,"Wholesale and retail; repair of motor vehicles"
"333",82,721,275,411,340,398,1478,435,239,92,188,79,1275,2304,949,209,3916,744,59,280,292,901,763,189,185,14532,15007,29539,"Wholesale and retail; repair of motor vehicles"
"334",35,196,119,121,192,238,440,359,131,45,86,38,512,949,421,118,1669,320,39,142,154,332,291,82,45,7272,7476,14748,"Wholesale and retail; repair of motor vehicles"
"335",18,62,48,42,65,64,109,81,49,21,34,26,186,286,131,15,506,118,0,290,322,272,214,229,113,15267,16055,31322,"Wholesale and retail; repair of motor vehicles"
"336",28,151,75,89,111,178,565,239,75,29,45,41,472,774,281,98,1336,206,34,116,79,59,53,73,54,4773,4917,9690,"Wholesale and retail; repair of motor vehicles"
"337",62,262,194,168,189,339,590,510,155,61,95,88,488,1030,818,378,1940,649,112,81,84,169,159,51,21,4035,4175,8210,"Wholesale and retail; repair of motor vehicles"
"338",45,295,196,200,209,276,499,366,152,58,99,60,580,1271,500,104,2018,408,21,438,379,777,723,279,128,19616,20103,39719,"Wholesale and retail; repair of motor vehicles"
"339",11,91,50,42,119,81,586,139,64,15,38,11,344,640,231,32,1125,114,9,436,384,966,955,287,184,20080,20583,40663,"Wholesale and retail; repair of motor vehicles"
"340",91,575,396,326,459,525,1044,824,448,148,220,108,1409,2365,1122,265,4208,925,66,241,216,747,688,171,100,11631,11884,23515,"Wholesale and retail; repair of motor vehicles"
"341",36,241,135,125,162,229,404,445,145,45,54,16,478,900,501,159,1570,421,50,259,210,538,545,195,107,11476,11676,23152,"Wholesale and retail; repair of motor vehicles"
"342",46,309,174,209,251,381,476,661,188,79,112,61,654,1290,808,196,2299,614,45,295,245,808,752,185,138,13357,13753,27110,"Wholesale and retail; repair of motor vehicles"
"343",25,124,135,180,158,201,48,169,200,99,131,230,345,725,494,135,1300,356,31,497,203,1066,1458,805,482,18687,18730,37417,"Wholesale and retail; repair of motor vehicles"
"344",28,104,96,106,160,98,58,140,69,24,46,25,192,475,240,44,784,171,5,518,439,1539,1483,402,288,24616,25336,49952,"Wholesale and retail; repair of motor vehicles"
"345",26,88,62,82,95,82,55,104,58,40,39,78,182,361,212,52,672,121,12,273,285,879,744,185,181,14175,14639,28814,"Wholesale and retail; repair of motor vehicles"
"346",0,25,20,26,5,11,11,8,8,5,5,1,40,51,34,2,109,20,0,193,208,450,395,111,62,9852,10128,19980,"Wholesale and retail; repair of motor vehicles"
"347",8,39,24,30,26,56,75,61,34,9,26,14,75,208,99,20,312,86,1,256,284,240,189,202,100,13453,14147,27600,"Wholesale and retail; repair of motor vehicles"
"348",21,108,92,72,92,132,116,180,64,30,60,24,195,444,300,54,728,252,25,79,53,40,36,49,36,3245,3343,6588,"Wholesale and retail; repair of motor vehicles"
"349",200,874,752,689,924,905,624,1269,588,250,454,255,1438,3431,2424,490,5858,1854,130,105,108,218,205,66,27,5197,5378,10575,"Wholesale and retail; repair of motor vehicles"
"350",49,126,120,94,109,96,134,132,99,92,121,212,260,632,338,155,1140,224,28,376,325,666,620,239,110,16818,17235,34054,"Wholesale and retail; repair of motor vehicles"
"351",40,146,165,92,365,130,218,156,78,54,66,29,190,570,566,212,1068,441,35,197,174,437,432,130,83,9085,9312,18397,"Wholesale and retail; repair of motor vehicles"
"352",134,580,492,381,519,594,644,712,418,270,306,221,762,2295,1804,410,3701,1446,126,168,151,521,480,119,70,8107,8283,16389,"Wholesale and retail; repair of motor vehicles"
"353",101,382,300,262,450,341,356,480,264,99,172,158,566,1634,974,192,2560,751,52,277,225,575,583,209,115,12270,12485,24755,"Wholesale and retail; repair of motor vehicles"
"354",38,221,144,126,154,182,202,252,108,52,79,41,340,676,444,140,1282,286,25,318,265,873,812,200,149,14422,14849,29271,"Wholesale and retail; repair of motor vehicles"
"355",36,230,152,146,340,195,308,234,122,41,70,39,435,894,485,100,1455,346,16,625,255,1340,1834,1013,606,23495,23549,47044,"Wholesale and retail; repair of motor vehicles"
"356",54,194,182,129,206,155,169,176,135,92,92,51,295,918,364,61,1411,232,5,616,521,1828,1762,478,342,29244,30099,59342,"Wholesale and retail; repair of motor vehicles"
"357",260,1402,881,1024,1229,1418,2341,1928,899,322,499,156,3422,5964,2645,328,10910,1564,40,365,380,1173,994,247,241,18929,19548,38476,"Wholesale and retail; repair of motor vehicles"
"358",1155,3256,2261,2050,2924,2378,6299,3352,1921,1436,2891,870,2932,25506,2258,98,27810,2876,88,245,265,571,501,141,78,12502,12852,25353,"Wholesale and retail; repair of motor vehicles"
"359",229,754,484,458,589,596,1298,876,632,370,455,110,1456,4834,486,74,6212,550,70,367,407,344,271,289,143,19288,20282,39570,"Wholesale and retail; repair of motor vehicles"
"360",98,256,256,185,221,221,479,299,208,119,204,81,508,1922,192,4,2400,292,2,173,117,87,79,108,80,7109,7325,14434,"Wholesale and retail; repair of motor vehicles"
"361",218,621,576,426,589,478,634,571,434,322,530,320,729,4489,488,14,5102,675,9,194,201,404,381,122,51,9646,9982,19628,"Wholesale and retail; repair of motor vehicles"
"362",34,114,190,59,52,116,141,104,118,34,190,18,389,716,60,4,1124,58,0,898,778,1593,1481,571,263,40213,41210,81424,"Wholesale and retail; repair of motor vehicles"
"363",110,405,274,231,249,261,598,392,311,144,275,141,928,2256,185,22,2625,744,45,255,225,566,559,168,108,11764,12059,23822,"Wholesale and retail; repair of motor vehicles"
"364",225,729,425,322,529,321,1010,485,290,116,246,85,788,3681,291,22,4509,296,10,478,429,1482,1365,340,198,23067,23569,46636,"Wholesale and retail; repair of motor vehicles"
"365",79,199,154,132,181,150,361,235,114,95,165,20,299,1525,61,0,1815,78,0,783,635,1623,1645,589,324,34641,35247,69889,"Wholesale and retail; repair of motor vehicles"
"366",135,484,398,298,318,339,840,521,442,198,320,106,1246,2829,305,20,3859,579,12,458,381,1256,1168,287,214,20755,21370,42125,"Wholesale and retail; repair of motor vehicles"
"367",80,272,199,176,249,219,220,276,265,170,220,295,136,982,1392,131,1819,842,35,408,167,876,1198,662,396,15349,15385,30734,"Wholesale and retail; repair of motor vehicles"
"368",32,169,94,94,99,126,302,188,119,41,64,81,482,829,85,12,1359,62,5,974,825,2891,2787,756,540,46257,47610,93867,"Wholesale and retail; repair of motor vehicles"
"369",28,170,74,60,136,96,336,118,66,31,48,34,264,840,72,19,1064,69,5,514,535,1652,1400,347,340,26652,27523,54175,"Wholesale and retail; repair of motor vehicles"
"370",18,66,56,38,51,72,104,130,64,28,36,14,220,394,58,5,622,55,1,266,287,620,544,153,85,13583,13964,27547,"Wholesale and retail; repair of motor vehicles"
"371",36,212,146,139,172,149,359,230,169,62,126,49,751,1020,72,8,1686,122,9,450,499,422,332,355,175,23654,24874,48528,"Wholesale and retail; repair of motor vehicles"
"372",214,625,534,409,545,559,778,820,534,285,422,360,1271,3972,792,48,5398,679,28,161,109,82,74,101,75,6642,6843,13485,"Wholesale and retail; repair of motor vehicles"
"373",150,495,371,289,365,356,409,465,334,190,269,121,602,2862,339,10,3515,271,2,254,262,527,497,160,66,12591,13030,25621,"Wholesale and retail; repair of motor vehicles"
"374",70,381,220,195,246,261,410,331,219,120,126,134,806,1599,282,26,2460,269,9,626,542,1110,1032,398,183,28014,28708,56722,"Wholesale and retail; repair of motor vehicles"
"375",300,1168,956,748,945,939,1460,1460,859,391,600,351,2306,6706,1075,90,9226,990,54,439,386,972,961,289,185,20211,20718,40929,"Wholesale and retail; repair of motor vehicles"
"376",21,100,71,74,66,98,222,129,125,51,65,32,456,552,32,14,944,100,10,343,307,1062,979,243,142,16534,16894,33428,"Wholesale and retail; repair of motor vehicles"
"377",108,422,281,191,235,306,446,409,262,142,255,48,836,2122,136,10,2935,258,10,549,445,1138,1154,413,227,24296,24721,49016,"Wholesale and retail; repair of motor vehicles"
"378",11,30,24,25,26,35,106,58,30,18,22,8,149,219,21,4,376,18,0,780,649,2138,1989,489,365,35339,36387,71726,"Wholesale and retail; repair of motor vehicles"
"379",158,508,364,351,376,515,478,848,595,230,428,216,1510,3099,404,52,4631,436,36,894,365,1917,2623,1449,867,33608,33685,67293,"Wholesale and retail; repair of motor vehicles"
"380",25,81,82,72,76,91,172,142,110,45,42,20,360,542,50,10,888,55,8,817,692,2426,2339,634,453,38810,39944,78754,"Wholesale and retail; repair of motor vehicles"
"381",281,1360,846,718,881,951,2568,1298,842,420,759,482,3525,7034,675,172,10218,1021,139,357,372,1149,973,241,236,18530,19136,37666,"Wholesale and retail; repair of motor vehicles"
"382",60,262,191,188,198,234,520,311,240,99,154,91,765,1501,226,55,2264,284,46,168,181,391,344,97,54,8575,8815,17391,"Wholesale and retail; repair of motor vehicles"
"383",184,570,445,322,511,448,1164,470,224,194,369,231,234,3030,1781,86,3578,1490,58,190,210,178,140,149,74,9970,10484,20454,"Wholesale and retail; repair of motor vehicles"
"384",28,181,109,111,104,131,148,346,115,38,84,34,415,868,139,6,1291,106,6,194,132,98,89,122,90,8004,8246,16250,"Wholesale and retail; repair of motor vehicles"
"385",36,128,94,69,125,102,505,182,88,36,59,31,388,944,96,28,1294,85,26,181,187,376,355,114,47,8985,9298,18283,"Wholesale and retail; repair of motor vehicles"
"386",239,765,525,464,506,734,678,964,658,295,504,205,1575,4412,495,52,5778,690,70,523,453,927,862,333,153,23412,23992,47404,"Wholesale and retail; repair of motor vehicles"
"387",106,411,301,250,386,330,1030,566,335,140,235,102,954,2731,438,70,3736,431,36,400,353,888,878,264,169,18454,18916,37370,"Wholesale and retail; repair of motor vehicles"
"388",558,2000,1558,1322,1600,1800,2961,3245,2160,838,1524,639,5396,12650,2041,116,17812,2560,46,346,310,1071,987,246,143,16681,17044,33725,"Wholesale and retail; repair of motor vehicles"
"389",88,285,255,218,245,351,951,636,462,124,206,80,916,2582,379,24,3555,338,28,500,405,1037,1051,376,207,22128,22516,44644,"Wholesale and retail; repair of motor vehicles"
"390",29,120,135,112,109,115,236,119,74,40,42,9,289,821,29,0,1076,49,0,799,665,2190,2038,501,374,36203,37276,73479,"Wholesale and retail; repair of motor vehicles"
"391",5,49,26,29,24,28,130,38,21,8,10,0,190,170,6,0,344,6,0,1762,719,3778,5169,2855,1709,66233,66386,132619,"Wholesale and retail; repair of motor vehicles"
"392",18,90,90,69,74,71,198,91,54,32,36,8,354,461,15,0,810,28,1,1122,949,3329,3209,871,622,53261,54818,108078,"Wholesale and retail; repair of motor vehicles"
"393",499,6452,1620,1841,2044,3021,7702,6696,1801,1610,1016,269,16309,16214,1844,206,29822,1140,74,667,696,2146,1818,451,441,34624,35756,70380,"Wholesale and retail; repair of motor vehicles"
"394",241,851,668,721,665,961,912,1120,690,271,388,118,3795,3538,258,16,7385,155,10,403,435,938,823,232,128,20551,21127,41678,"Wholesale and retail; repair of motor vehicles"
"395",5,5,5,5,5,2,15,9,5,0,2,0,11,14,10,24,25,12,20,43,47,40,32,34,17,2243,2359,4602,"Transport & storage (inc postal)"
"396",0,5,9,8,10,10,18,12,9,1,1,0,29,48,1,5,61,1,5,96,65,48,44,60,44,3946,4066,8012,"Transport & storage (inc postal)"
"397",62,185,115,89,131,180,224,234,146,116,168,20,680,720,201,69,1238,384,86,75,78,157,148,47,20,3738,3868,7605,"Transport & storage (inc postal)"
"398",244,648,402,441,441,811,2092,1174,554,401,568,149,3131,4482,296,15,7004,875,21,605,523,1072,997,385,177,27069,27740,54810,"Transport & storage (inc postal)"
"399",152,339,290,231,272,348,429,446,260,199,320,114,1491,1432,442,34,2510,785,61,235,207,521,515,155,99,10838,11110,21949,"Transport & storage (inc postal)"
"400",1108,6060,5798,6994,7510,6304,4134,5415,3425,1932,2189,1528,33790,14908,3321,378,49130,3331,236,443,398,1375,1267,315,184,21404,21870,43274,"Transport & storage (inc postal)"
"401",61,171,145,132,165,285,529,420,236,71,160,26,911,1311,166,14,2001,348,12,413,335,856,867,310,171,18263,18583,36846,"Transport & storage (inc postal)"
"402",0,0,0,0,1,5,5,0,0,0,0,0,0,0,5,6,10,0,1,175,146,481,447,110,82,7946,8182,16128,"Transport & storage (inc postal)"
"403",16,22,15,9,10,32,40,132,126,41,88,5,322,169,32,14,485,42,10,734,299,1575,2154,1190,712,27605,27669,55273,"Transport & storage (inc postal)"
"404",10,36,35,16,12,76,221,81,30,11,61,9,176,235,136,51,500,86,11,474,401,1406,1355,368,263,22493,23151,45644,"Transport & storage (inc postal)"
"405",5,16,10,12,22,14,28,35,28,5,20,0,86,89,16,4,166,30,0,349,364,1123,952,236,231,18122,18715,36837,"Transport & storage (inc postal)"
"406",1,8,5,0,1,10,9,14,9,4,4,0,30,24,10,0,60,2,0,370,400,862,756,213,118,18878,19407,38285,"Transport & storage (inc postal)"
"407",5,29,31,30,31,48,135,135,51,19,19,11,182,189,76,96,440,80,30,163,181,153,120,128,63,8558,8999,17557,"Transport & storage (inc postal)"
"408",5,40,52,50,51,58,64,65,21,6,9,2,122,259,31,10,288,22,4,221,150,112,101,139,102,9117,9393,18511,"Transport & storage (inc postal)"
"409",126,2325,702,721,1429,1512,405,579,299,389,252,78,5582,2304,721,210,8284,906,129,157,163,327,308,99,41,7810,8082,15892,"Transport & storage (inc postal)"
"410",91,621,336,319,499,419,339,296,182,176,141,55,2194,979,245,58,2840,291,46,561,486,995,926,357,164,25129,25752,50881,"Transport & storage (inc postal)"
"411",56,96,45,28,22,82,86,164,118,58,146,31,235,502,144,50,742,151,31,231,203,512,506,152,98,10641,10908,21550,"Transport & storage (inc postal)"
"412",16,76,35,62,42,130,106,252,110,28,59,11,350,384,124,72,738,118,49,172,154,532,490,122,71,8288,8468,16756,"Transport & storage (inc postal)"
"413",8,50,30,25,30,62,175,81,14,14,28,5,142,271,79,28,408,76,15,289,235,600,608,218,120,12800,13024,25824,"Transport & storage (inc postal)"
"414",82,484,388,422,454,790,1299,962,251,112,192,84,1415,2656,1118,332,4564,766,110,337,281,925,861,212,158,15289,15742,31031,"Transport & storage (inc postal)"
"415",68,256,215,162,190,174,255,191,190,91,154,46,641,1312,34,5,1880,145,0,1138,464,2440,3338,1844,1104,42772,42871,85644,"Transport & storage (inc postal)"
"416",505,2292,2202,1810,2565,2131,2879,2680,1586,669,1075,285,16154,3931,516,79,19325,574,50,1167,988,3464,3339,906,647,55418,57038,112456,"Transport & storage (inc postal)"
"417",254,1011,571,424,538,644,1488,1110,1279,668,1656,171,1470,5614,2420,309,4618,4566,546,106,111,341,289,72,70,5508,5688,11196,"Accommodation & food services"
"418",121,389,344,201,172,348,346,515,994,424,786,111,1448,3036,238,30,4122,444,38,222,239,517,453,128,71,11317,11633,22950,"Accommodation & food services"
"419",59,200,165,142,104,152,19,220,389,410,238,41,276,1481,350,31,1734,340,35,250,277,234,185,197,97,13141,13818,26959,"Accommodation & food services"
"420",22,101,55,59,79,52,292,120,105,51,82,24,514,448,62,19,884,112,10,150,102,76,69,94,70,6190,6377,12567,"Accommodation & food services"
"421",3529,9370,7386,5368,6469,7168,16128,10658,7260,4298,7652,2578,30679,53758,3099,326,69065,16970,654,134,139,279,263,84,35,6662,6894,13556,"Accommodation & food services"
"422",255,999,620,740,896,981,1791,1401,871,378,639,132,3159,6028,450,68,8091,1330,86,484,419,859,799,308,142,21690,22228,43919,"Accommodation & food services"
"423",72,226,215,141,188,198,596,308,160,74,125,28,1144,1009,135,42,1895,310,54,287,252,635,628,189,121,13203,13534,26737,"Accommodation & food services"
"424",1800,4366,3748,3188,3370,3368,2739,4946,4225,2361,2830,954,4868,31188,1750,89,26245,11539,160,194,174,602,555,138,80,9373,9577,18950,"Accommodation & food services"
"425",35,120,99,94,120,221,666,438,249,64,114,19,1191,820,180,49,1992,202,34,420,340,870,882,316,174,18567,18892,37459,"Information & communication"
"426",1,15,6,6,10,14,40,31,18,1,1,1,79,56,10,0,136,16,0,520,433,1426,1327,326,243,23572,24271,47843,"Information & communication"
"427",9,26,21,21,19,20,160,64,30,12,24,20,149,210,42,25,330,75,24,361,147,774,1059,585,350,13574,13605,27179,"Information & communication"
"428",44,152,98,118,122,310,782,546,249,52,102,30,962,1260,319,65,2156,436,46,447,378,1325,1278,347,248,21204,21824,43028,"Information & communication"
"429",66,268,184,171,182,444,1171,691,369,91,146,31,1798,1728,264,26,3480,269,12,480,501,1544,1309,325,318,24917,25731,50648,"Information & communication"
"430",9,28,15,16,11,28,101,54,21,5,14,1,131,135,24,11,250,29,5,188,203,438,385,108,60,9603,9871,19474,"Information & communication"
"431",41,161,114,124,125,218,715,466,185,40,102,8,1106,1002,171,19,2025,224,11,384,427,360,284,303,150,20208,21250,41458,"Information & communication"
"432",152,991,555,396,514,1435,10006,3135,1209,522,624,214,10134,8279,1124,218,18812,681,52,258,175,130,118,161,119,10614,10935,21549,"Information & communication"
"433",21,119,64,55,70,224,1498,551,195,59,84,25,1615,1190,134,24,2832,116,14,272,282,566,533,171,71,13506,13977,27483,"Information & communication"
"434",2,28,10,9,20,42,392,110,29,6,12,4,278,272,69,46,566,70,10,489,423,867,806,311,143,21884,22426,44310,"Information & communication"
"435",5,20,15,11,12,22,72,40,26,15,18,10,68,135,55,11,154,94,15,136,120,301,298,90,57,6261,6418,12679,"Information & communication"
"436",35,171,136,95,119,248,1772,509,220,75,105,21,1546,1786,150,24,3341,85,5,640,574,1983,1828,455,265,30882,31554,62436,"Information & communication"
"437",18,72,40,48,46,68,251,142,58,32,42,6,415,351,50,8,772,70,5,509,413,1055,1070,383,211,22528,22922,45450,"Information & communication"
"438",14,75,45,35,50,92,509,189,45,36,36,10,394,624,79,40,1031,68,28,408,339,1118,1040,256,191,18479,19027,37506,"Information & communication"
"439",52,190,119,92,124,210,295,346,131,40,99,14,726,820,141,24,1594,105,10,1046,427,2243,3069,1695,1015,39322,39413,78735,"Information & communication"
"440",24,141,76,139,115,135,328,316,125,34,66,10,659,688,131,32,1365,114,15,712,602,2112,2036,552,395,33794,34782,68575,"Information & communication"
"441",5,9,4,2,14,15,40,35,15,5,11,0,35,92,20,8,131,18,5,240,250,772,654,162,159,12459,12866,25325,"Information & communication"
"442",116,462,298,301,419,591,1161,921,390,130,216,72,1480,2711,676,212,4432,582,90,168,182,392,344,97,54,8579,8819,17398,"Information & communication"
"443",568,2461,1624,1444,1908,3026,10269,6441,2461,700,1604,509,15764,15209,1732,309,30340,2239,185,434,482,407,320,342,169,22818,23994,46812,"Information & communication"
"444",1595,7630,4926,5321,6796,11905,32730,24424,7658,1929,5649,764,51938,56036,2862,490,106506,3116,261,273,185,138,125,171,126,11249,11589,22838,"Information & communication"
"445",16,75,40,39,64,91,230,139,51,24,44,8,419,372,25,4,766,32,0,322,333,668,630,202,84,15958,16513,32471,"Information & communication"
"446",314,1699,1016,1052,1355,1986,4376,3996,1828,481,861,91,9152,8292,1362,249,17355,1575,119,633,548,1123,1044,403,185,28350,29053,57404,"Information & communication"
"447",62,262,155,138,184,320,924,601,219,80,164,29,1500,1274,298,66,2730,345,45,351,309,779,770,232,148,16194,16599,32793,"Information & communication"
"448",25,110,58,54,74,112,518,219,95,29,48,8,699,568,64,18,1189,120,10,370,332,1147,1057,263,153,17854,18243,36097,"Information & communication"
"449",10,46,21,29,26,64,189,94,32,15,26,2,265,264,16,10,540,28,9,481,389,996,1009,361,199,21255,21627,42883,"Information & communication"
"450",65,239,174,148,185,325,1125,602,234,71,191,12,2019,1221,110,22,3029,142,8,767,638,2101,1955,481,358,34727,35756,70483,"Information & communication"
"451",11,50,15,20,25,20,250,15,18,20,79,112,45,262,141,186,291,219,129,138,56,296,405,224,134,5185,5197,10383,"Finance & insurance"
"452",156,732,510,508,574,595,3099,1182,492,144,406,132,8518,9,5,0,8134,0,0,1665,1410,4943,4765,1293,924,79084,81396,160480,"Finance & insurance"
"453",20,69,46,40,40,71,810,121,61,16,144,54,529,616,226,122,1364,109,9,442,461,1423,1206,299,293,22963,23714,46677,"Finance & insurance"
"454",5,32,9,15,30,20,49,54,14,6,19,5,45,108,61,44,211,39,6,138,149,321,281,79,44,7023,7220,14243,"Finance & insurance"
"455",21,145,96,84,82,112,355,142,70,50,42,26,325,676,134,92,989,154,48,205,227,192,151,162,80,10778,11333,22111,"Finance & insurance"
"456",92,571,296,252,265,479,2002,749,294,142,245,30,2091,2792,390,144,4852,309,39,201,136,101,92,126,93,8270,8520,16789,"Finance & insurance"
"457",6,38,26,19,14,31,64,51,18,12,19,5,24,179,71,29,235,35,16,93,96,193,182,59,24,4618,4779,9397,"Finance & insurance"
"458",14,66,35,24,40,71,251,118,45,18,12,15,114,351,145,99,519,124,56,204,176,362,336,130,60,9127,9353,18480,"Finance & insurance"
"459",0,0,0,0,2,0,12,0,0,5,0,0,1,8,1,10,12,4,4,81,72,181,179,54,34,3755,3849,7603,"Finance & insurance"
"460",102,1378,489,1018,346,411,288,810,576,199,410,81,6099,8,0,0,6012,0,0,839,752,2601,2397,596,347,40496,41376,81872,"Finance & insurance"
"461",4,29,28,18,18,36,160,52,19,16,22,4,245,135,16,9,371,16,5,561,455,1163,1178,422,232,24817,25251,50068,"Finance & insurance"
"462",6,58,26,38,28,68,496,109,49,9,22,24,258,426,165,84,800,144,36,251,209,688,640,157,117,11371,11708,23079,"Finance & insurance"
"463",518,3184,1470,2202,1422,2181,4435,3464,2145,878,1266,488,12754,9465,1145,289,21865,1192,121,1144,466,2452,3355,1853,1109,42987,43087,86074,"Finance & insurance"
"464",10,114,40,31,42,85,144,110,45,35,31,24,265,332,95,19,591,94,24,402,340,1193,1150,312,223,19085,19642,38727,"Finance & insurance"
"465",95,414,270,272,359,481,898,641,328,159,195,100,815,2594,678,125,3141,924,111,198,207,638,541,134,131,10295,10632,20927,"Finance & insurance"
"466",31,278,139,174,166,261,491,419,238,98,151,58,1102,1126,185,89,2274,248,80,141,153,329,289,81,45,7208,7410,14617,"Finance & insurance"
"467",15,69,49,30,48,82,1405,175,80,12,109,10,396,932,486,269,1569,376,74,187,208,176,138,148,73,9844,10351,20195,"Finance & insurance"
"468",96,435,280,242,362,432,1729,626,294,131,200,74,1326,3089,454,34,4406,172,0,294,199,148,134,184,136,12090,12456,24545,"Property"
"469",1209,5734,4214,4025,4649,5258,11215,7425,4946,1771,3752,1566,30465,21871,2864,564,52180,2360,286,266,275,552,521,167,69,13190,13650,26840,"Property"
"470",461,1761,1170,1115,1399,2080,6028,3298,1791,570,810,402,7065,12519,1202,99,18452,2101,106,601,521,1066,992,382,176,26921,27589,54510,"Property"
"471",369,1621,986,835,1030,1401,5219,2355,1246,348,865,242,6758,8670,931,159,14964,1161,90,504,443,1116,1104,332,213,23205,23787,46993,"Property"
"472",651,3658,1884,1254,1939,1786,13661,3029,1790,895,1770,1011,10439,19430,3022,438,28694,4050,441,289,259,895,825,205,120,13941,14244,28184,"Professional, scientific & technical"
"473",831,3735,2458,2442,3308,4621,11401,7412,3381,1245,2019,706,25332,16418,1589,220,39999,3326,229,549,445,1136,1152,412,227,24259,24683,48942,"Professional, scientific & technical"
"474",139,579,446,424,584,571,1569,929,430,150,308,142,2825,2735,561,149,4848,894,89,371,308,1016,945,233,173,16796,17294,34090,"Professional, scientific & technical"
"475",79,305,206,184,240,364,2042,979,365,82,194,56,2590,2156,308,42,4541,375,21,1040,424,2229,3050,1684,1008,39076,39167,78243,"Professional, scientific & technical"
"476",2879,14019,8916,9575,10831,17299,46590,34838,12716,3624,9755,1159,70199,96330,5061,611,168215,4376,249,1195,1012,3547,3419,928,663,56749,58408,115157,"Professional, scientific & technical"
"477",378,1274,984,881,990,1554,4398,2669,1446,444,1098,384,7802,7658,942,95,15092,1272,74,447,466,1439,1219,302,296,23212,23971,47183,"Professional, scientific & technical"
"478",3372,9254,4692,4866,6499,7451,9769,12111,6219,2446,9550,1116,39029,34239,3554,526,73955,3712,292,303,328,707,620,174,97,15486,15919,31405,"Professional, scientific & technical"
"479",628,646,451,372,476,525,528,779,406,236,738,90,3056,2368,399,51,5475,489,61,356,396,334,263,281,139,18741,19707,38447,"Professional, scientific & technical"
"480",18,78,39,36,31,214,208,218,55,32,79,11,508,412,82,15,830,124,8,150,101,76,68,94,69,6164,6350,12514,"Professional, scientific & technical"
"481",89,324,186,210,334,556,668,828,300,125,288,59,1662,1709,431,162,3292,549,148,105,108,217,205,66,27,5191,5372,10563,"Professional, scientific & technical"
"482",14,21,30,16,22,45,192,89,39,21,24,6,249,228,39,5,448,62,6,485,420,860,800,308,142,21708,22246,43954,"Professional, scientific & technical"
"483",260,1515,945,696,870,1530,5764,2789,1182,246,519,192,6202,8529,1481,295,14960,1441,154,421,371,934,923,278,178,19420,19907,39326,"Professional, scientific & technical"
"484",51,308,155,136,162,298,1180,548,216,56,104,15,1075,1846,260,48,2968,232,19,413,370,1279,1179,293,171,19918,20351,40268,"Professional, scientific & technical"
"485",46,191,135,126,162,274,1246,678,208,49,100,20,1089,1675,398,74,2782,409,82,314,255,651,660,236,130,13906,14150,28056,"Professional, scientific & technical"
"486",406,1546,1190,1234,1439,2129,7866,4038,1768,439,971,288,12095,10114,1039,65,22110,1020,15,773,643,2119,1972,485,361,35029,36067,71097,"Professional, scientific & technical"
"487",161,520,391,365,350,680,2869,1329,678,160,380,72,5045,2710,192,9,7795,198,15,1473,601,3158,4321,2387,1429,55369,55497,110866,"Professional, scientific & technical"
"488",26,152,98,71,110,120,514,235,118,75,80,21,1155,409,49,8,1534,62,8,991,839,2940,2835,769,550,47047,48423,95470,"Professional, scientific & technical"
"489",1400,4678,2845,2779,3279,4965,9379,7544,3931,1646,3274,374,19258,25386,1300,148,45744,1609,51,621,647,1996,1691,420,410,32207,33260,65466,"Professional, scientific & technical"
"490",99,386,261,258,290,401,330,680,619,191,306,131,1398,1759,766,30,2699,1168,40,114,124,266,234,66,36,5838,6002,11840,"Professional, scientific & technical"
"491",66,444,272,195,319,356,758,475,188,94,188,68,894,2012,424,91,3042,311,38,346,384,325,256,273,135,18204,19143,37347,"Business administration and support services"
"492",29,109,76,85,110,130,68,130,68,32,59,42,289,440,176,32,794,134,12,122,83,62,56,77,57,5043,5195,10238,"Business administration and support services"
"493",25,94,65,75,75,134,118,216,146,54,58,30,356,621,105,6,929,166,8,153,158,318,300,96,40,7601,7866,15466,"Business administration and support services"
"494",0,10,4,5,6,5,10,9,8,1,6,4,26,39,2,0,65,4,0,857,742,1521,1414,545,251,38389,39341,77730,"Business administration and support services"
"495",29,116,78,94,98,141,249,244,129,61,78,30,548,691,92,12,1196,126,11,420,370,931,920,277,177,19354,19839,39192,"Business administration and support services"
"496",15,39,41,39,48,41,15,39,54,31,60,26,202,205,39,1,415,29,0,505,453,1567,1444,359,209,24397,24927,49324,"Business administration and support services"
"497",125,426,395,359,395,491,245,508,390,285,355,190,1314,1978,762,110,3486,600,51,365,296,756,766,274,151,16137,16419,32556,"Business administration and support services"
"498",10,50,34,24,36,49,80,95,31,12,25,5,169,218,54,11,394,62,0,472,393,1293,1203,296,221,21371,22005,43376,"Business administration and support services"
"499",4,15,10,8,10,30,40,54,35,9,26,1,110,106,20,5,218,29,0,897,366,1923,2631,1453,870,33717,33795,67512,"Business administration and support services"
"500",1,15,14,15,19,41,80,76,28,5,9,2,142,104,48,11,281,19,0,993,841,2948,2842,771,551,47173,48552,95724,"Business administration and support services"
"501",136,431,374,310,410,491,472,694,392,202,376,104,1474,2101,695,122,3652,644,59,286,298,919,778,193,189,14822,15306,30128,"Business administration and support services"
"502",18,66,26,39,38,56,304,112,69,15,42,10,300,389,86,20,738,41,1,322,348,750,658,185,103,16430,16890,33321,"Business administration and support services"
"503",258,1396,924,682,1226,1656,6062,2774,952,251,549,60,6402,8521,1649,219,14009,1834,246,305,338,286,225,240,119,16030,16856,32885,"Business administration and support services"
"504",189,1190,656,705,898,1355,2774,1909,708,240,479,155,2258,5588,2775,636,7685,2668,844,54,36,27,24,34,25,2209,2276,4485,"Business administration and support services"
"505",36,414,175,125,140,202,501,382,126,42,75,8,1195,889,130,15,1925,170,25,195,201,404,381,122,51,9656,9992,19647,"Business administration and support services"
"506",92,496,332,239,349,364,1506,682,256,116,246,72,1364,2438,776,175,4264,408,64,537,465,953,886,342,157,24065,24661,48726,"Business administration and support services"
"507",31,140,90,89,99,170,589,359,192,62,166,24,345,1112,419,135,1585,346,44,261,230,578,571,172,110,12015,12316,24332,"Business administration and support services"
"508",29,115,69,62,74,132,529,226,145,45,120,22,408,994,144,24,1394,139,18,341,306,1058,975,243,141,16480,16838,33317,"Business administration and support services"
"509",154,555,341,324,464,641,1509,886,434,196,179,79,2219,2836,630,75,4541,998,181,260,211,538,546,195,107,11492,11693,23185,"Business administration and support services"
"510",71,259,162,176,211,321,398,452,162,81,98,30,970,1268,172,12,2139,194,12,559,465,1533,1426,351,262,25343,26094,51436,"Business administration and support services"
"511",21,110,48,36,44,88,139,135,66,26,30,16,424,309,24,2,755,40,0,1260,514,2702,3696,2042,1222,47364,47474,94838,"Business administration and support services"
"512",81,340,186,164,238,372,750,549,212,84,194,50,878,1769,448,126,2718,320,102,450,381,1335,1288,349,250,21367,21992,43359,"Business administration and support services"
"513",330,1092,806,746,1031,1399,1939,2096,1158,424,814,214,4736,6641,604,68,8906,2548,419,185,193,595,504,125,122,9603,9917,19519,"Business administration and support services"
"514",114,345,258,242,281,355,332,616,334,135,271,64,1751,1464,122,10,2941,329,31,209,226,488,428,120,67,10682,10981,21663,"Business administration and support services"
"515",156,492,328,340,389,626,1298,842,431,189,328,64,3051,2240,181,10,4621,706,52,308,342,289,228,243,120,16206,17041,33247,"Business administration and support services"
"516",451,1749,1218,1382,1526,2089,1175,3698,2286,1298,1525,519,7295,10954,638,29,17795,904,25,246,167,124,112,154,114,10144,10451,20595,"Business administration and support services"
"517",161,916,261,458,482,565,1632,678,245,286,175,31,3852,1808,190,40,5181,285,25,271,281,564,532,171,71,13468,13937,27404,"Business administration and support services"
"518",45,162,96,101,126,218,372,304,154,46,96,18,954,658,118,10,1640,154,10,612,530,1086,1010,390,179,27424,28104,55528,"Business administration and support services"
"519",30,174,60,44,62,64,134,88,59,46,44,11,295,346,132,41,605,200,62,135,119,299,296,89,57,6225,6381,12605,"Business administration and support services"
"520",46,219,182,221,288,371,1124,842,316,89,174,45,1215,2150,511,41,3436,438,28,336,301,1042,960,239,139,16228,16581,32809,"Business administration and support services"
"521",19,112,66,46,59,66,156,105,31,19,32,10,320,295,85,24,616,96,30,252,204,523,530,190,104,11155,11350,22506,"Business administration and support services"
"522",21,148,95,162,2354,148,112,148,80,58,52,28,312,2492,531,69,2886,368,54,400,333,1097,1021,251,187,18132,18670,36802,"Business administration and support services"
"523",2660,11029,6128,6251,8724,10238,25986,15864,7580,3395,5922,580,23908,74368,5589,492,101938,4192,181,1318,538,2826,3867,2136,1279,49547,49661,99208,"Business administration and support services"
"524",216,512,605,878,646,1291,52,1171,1196,449,19,20,5718,999,169,171,6382,295,288,467,395,1385,1336,362,259,22166,22814,44980,"Public administration & defence"
"525",5,25,12,10,18,11,22,20,5,32,5,10,28,25,94,30,36,69,76,34,35,109,93,23,22,1765,1823,3588,"Public administration & defence"
"526",0,1,0,2,0,0,4,2,4,1,15,4,8,8,11,8,10,14,11,24,26,55,48,14,8,1208,1242,2450,"Public administration & defence"
"527",0,0,1,4,0,5,5,5,5,0,0,0,4,6,15,0,5,19,1,77,86,72,57,61,30,4053,4262,8316,"Public administration & defence"
"528",4,0,0,0,1,0,5,0,0,0,5,0,1,1,6,6,0,6,9,11,8,6,5,7,5,461,475,935,"Public administration & defence"
"529",5,5,5,5,6,8,5,5,5,5,5,4,6,2,28,26,2,11,48,11,11,23,22,7,3,546,565,1112,"Public administration & defence"
"530",2,5,5,5,5,5,0,5,0,4,0,0,0,9,18,10,1,0,35,28,24,50,46,18,8,1251,1282,2533,"Public administration & defence"
"531",72,402,238,290,285,554,666,912,402,91,125,86,285,3461,379,1,2352,1701,28,181,159,400,396,119,76,8325,8534,16859,"Education"
"532",121,426,336,398,372,572,955,776,431,70,94,35,385,1260,2542,400,865,2822,919,49,44,151,139,35,20,2349,2400,4749,"Education"
"533",80,308,170,204,274,306,484,442,312,42,46,75,375,664,1308,398,611,604,1648,34,27,70,71,26,14,1501,1527,3028,"Education"
"534",66,231,156,148,180,221,458,358,189,94,138,32,652,1119,396,102,1534,394,292,125,104,343,319,79,59,5673,5841,11514,"Education"
"535",16,64,38,39,41,88,161,115,89,20,35,9,126,401,158,29,442,212,71,223,91,479,655,362,217,8395,8414,16809,"Education"
"536",20,71,49,44,51,102,192,141,69,36,55,10,162,385,132,161,499,139,222,102,86,301,291,79,56,4824,4965,9788,"Education"
"537",114,320,264,262,276,412,519,705,362,120,200,71,1248,2258,119,2,3014,494,5,371,386,1192,1010,251,245,19234,19863,39096,"Education"
"538",56,158,109,101,109,145,332,256,108,40,101,15,824,681,24,1,1370,109,5,276,298,643,564,159,88,14077,14471,28548,"Education"
"539",45,208,156,204,199,251,200,225,155,65,84,28,1110,669,35,5,1656,56,2,640,710,600,472,504,249,33634,35368,69003,"Education"
"540",539,1798,1352,1255,1569,1736,3545,3011,1942,696,982,276,9246,8175,1149,134,17616,1994,232,138,93,70,63,86,64,5681,5853,11535,"Education"
"541",136,408,315,300,392,378,1316,636,338,110,121,28,2335,1986,135,22,4176,270,31,227,234,471,444,143,59,11244,11635,22879,"Education"
"542",79,478,268,241,352,340,711,569,252,86,118,41,1800,945,510,281,3041,538,421,159,138,282,262,101,47,7117,7293,14409,"Health"
"543",551,2099,1345,1206,1641,1574,3361,2259,1049,602,1081,466,4819,7624,4761,32,11240,6921,78,186,163,411,407,122,78,8554,8769,17323,"Health"
"544",110,600,362,261,381,455,980,795,394,160,231,61,2199,2414,171,8,4472,310,6,483,433,1497,1379,343,200,23308,23815,47123,"Health"
"545",321,1234,829,740,954,1071,2196,1822,1016,488,1010,351,3349,8451,226,6,9305,2698,12,337,273,698,707,253,139,14894,15155,30049,"Health"
"546",585,2638,1676,1432,1989,2129,4716,3326,1760,681,839,285,11190,9828,879,160,21551,1502,228,504,419,1382,1286,316,236,22839,23516,46355,"Health"
"547",66,288,232,192,260,238,355,399,258,134,130,95,655,641,1246,104,1288,1218,334,167,68,359,491,271,162,6293,6308,12601,"Health"
"548",14,74,51,45,76,74,154,129,89,35,25,14,232,375,160,11,386,355,56,174,147,517,498,135,97,8266,8507,16773,"Health"
"549",99,426,286,274,372,384,476,594,455,172,161,75,479,1131,2034,131,1216,2425,294,79,82,253,215,53,52,4089,4223,8311,"Health"
"550",126,398,266,278,381,368,559,618,429,176,180,59,445,1749,1526,118,1160,2325,356,44,47,102,89,25,14,2231,2294,4525,"Health"
"551",251,674,515,542,629,640,1075,1016,692,282,449,91,1789,3485,1495,88,3795,2686,441,104,116,98,77,82,41,5493,5776,11270,"Health"
"552",398,1552,1146,1005,1151,1226,1946,1730,1222,952,990,481,2576,9830,1376,20,8166,5444,128,70,47,35,32,44,32,2883,2970,5853,"Health"
"553",524,1494,1184,1086,1258,1481,3649,2211,1446,638,1385,745,5544,9475,1932,150,14265,3925,384,98,102,204,193,62,26,4880,5050,9930,"Health"
"554",140,671,416,282,490,694,4634,1338,584,186,384,88,3784,5451,606,66,9332,442,52,795,688,1409,1311,505,233,35579,36461,72039,"Arts, entertainment, recreation and other services"
"555",52,248,159,141,140,338,1439,589,242,81,124,30,1736,1670,160,16,3338,132,2,716,630,1586,1568,472,302,32978,33805,66783,"Arts, entertainment, recreation and other services"
"556",191,736,556,546,562,1325,6570,2666,1350,370,555,79,9140,5886,460,21,15339,318,6,669,600,2074,1911,475,277,32294,32996,65290,"Arts, entertainment, recreation and other services"
"557",26,65,51,44,51,58,291,125,80,30,62,25,222,536,132,18,701,160,31,250,203,519,526,188,104,11071,11265,22336,"Arts, entertainment, recreation and other services"
"558",6,18,20,16,8,35,84,42,39,8,22,9,148,130,25,5,245,58,11,240,200,659,613,151,112,10891,11213,22104,"Arts, entertainment, recreation and other services"
"559",11,52,44,36,35,56,136,98,85,31,94,24,260,339,94,10,465,185,40,310,126,664,909,502,301,11645,11672,23318,"Arts, entertainment, recreation and other services"
"560",12,32,31,25,19,32,50,59,68,29,58,8,122,220,70,10,261,140,22,229,194,680,656,178,127,10886,11205,22091,"Arts, entertainment, recreation and other services"
"561",8,30,25,29,25,49,21,69,68,24,36,4,108,174,90,15,190,142,51,79,83,256,217,54,53,4123,4258,8382,"Arts, entertainment, recreation and other services"
"562",59,118,92,74,74,100,132,126,70,79,71,90,202,656,160,66,745,298,65,76,82,177,155,44,24,3868,3977,7845,"Arts, entertainment, recreation and other services"
"563",166,466,361,338,388,482,465,770,494,262,409,94,1402,2746,476,70,3238,1200,202,149,166,140,110,118,58,7845,8249,16094,"Arts, entertainment, recreation and other services"
"564",329,900,684,632,624,842,742,1406,852,482,1194,359,2748,5468,732,100,6372,2496,188,79,54,40,36,50,37,3255,3354,6609,"Arts, entertainment, recreation and other services"
"565",128,341,221,200,222,351,601,538,242,126,194,91,1660,1502,78,16,2801,245,25,213,220,442,417,134,56,10556,10923,21479,"Arts, entertainment, recreation and other services"
"566",251,754,881,1605,655,958,952,1586,1108,299,520,109,6359,2964,310,45,8275,651,51,725,628,1287,1197,462,212,32486,33291,65777,"Arts, entertainment, recreation and other services"
"567",18,60,36,54,32,49,20,58,84,36,22,14,145,255,76,6,309,132,31,142,125,316,312,94,60,6565,6729,13294,"Arts, entertainment, recreation and other services"
"568",175,612,449,400,422,572,1138,958,615,262,364,109,2536,3145,374,21,4810,1115,48,258,231,800,737,183,107,12454,12725,25179,"Arts, entertainment, recreation and other services"
"569",38,109,74,72,109,126,460,211,91,42,101,35,431,745,272,20,1161,271,15,333,270,689,698,250,138,14709,14966,29675,"Arts, entertainment, recreation and other services"
"570",48,186,114,145,166,198,674,358,158,48,111,30,799,1129,255,51,1864,282,55,327,272,896,834,205,153,14815,15254,30068,"Arts, entertainment, recreation and other services"
"571",19,25,21,26,19,25,76,35,16,14,22,5,72,185,30,15,242,45,20,347,141,744,1018,562,337,13041,13071,26112,"Arts, entertainment, recreation and other services"
"572",236,988,649,626,729,935,1715,1578,878,466,1020,722,6619,3734,178,11,9571,884,45,777,658,2306,2223,603,431,36894,37973,74868,"Arts, entertainment, recreation and other services"
"573",11,92,54,66,48,81,112,91,82,50,46,14,441,298,9,1,705,65,1,449,468,1444,1223,303,297,23293,24054,47347,"Arts, entertainment, recreation and other services"
"574",292,612,489,399,522,541,1155,862,599,324,575,352,1732,4385,566,40,5212,1345,98,137,148,320,280,79,44,7002,7198,14200,"Arts, entertainment, recreation and other services"
"575",94,418,304,279,354,449,1002,716,312,130,239,62,2120,2016,186,38,4044,198,25,493,547,462,364,388,192,25911,27247,53157,"Arts, entertainment, recreation and other services"
"576",14,71,45,46,55,54,129,94,46,22,55,15,226,378,36,8,578,42,5,188,128,95,86,118,87,7758,7992,15750,"Arts, entertainment, recreation and other services"
"577",20,62,56,46,68,72,88,108,62,22,41,6,320,301,31,0,598,59,0,231,239,480,453,145,60,11473,11872,23345,"Arts, entertainment, recreation and other services"
"578",32,118,92,80,84,139,131,200,104,45,66,39,475,615,39,1,1056,69,0,841,729,1492,1388,535,246,37673,38608,76281,"Arts, entertainment, recreation and other services"
"579",20,39,39,36,34,41,104,66,56,22,26,10,282,208,5,0,492,15,0,738,650,1636,1617,487,312,34011,34863,68874,"Arts, entertainment, recreation and other services"
"580",20,76,59,46,65,108,94,146,71,18,52,14,394,350,22,2,709,50,0,504,452,1564,1441,358,209,24347,24877,49224,"Arts, entertainment, recreation and other services"
"581",11,42,25,15,36,40,61,59,31,5,25,0,159,176,16,0,330,20,2,577,467,1195,1211,434,239,25509,25956,51465,"Arts, entertainment, recreation and other services"
"582",22,75,50,52,46,72,106,99,52,28,84,42,342,361,26,0,666,58,0,635,529,1741,1620,399,297,28783,29636,58419,"Arts, entertainment, recreation and other services"
"583",94,406,238,194,280,404,1342,624,312,145,260,102,1474,2811,104,12,3991,372,20,961,392,2060,2819,1557,932,36124,36207,72331,"Arts, entertainment, recreation and other services"
"584",1958,5224,3555,2885,3668,3718,6532,5142,3036,2100,3709,1522,25612,17185,240,11,39721,2784,31,951,805,2821,2720,738,527,45141,46460,91601,"Arts, entertainment, recreation and other services"
"585",82,236,175,148,162,148,122,226,189,142,182,80,276,1405,204,9,1379,470,11,237,247,761,645,160,157,12282,12683,24965,"Arts, entertainment, recreation and other services"
"586",80,229,146,125,141,191,445,286,122,62,132,60,1204,775,38,5,1838,100,9,304,328,708,622,175,97,15518,15952,31470,"Arts, entertainment, recreation and other services"
"587",444,2275,1388,1649,2088,2571,3710,4830,2126,771,1638,254,8229,13902,1528,84,22500,1910,32,444,493,416,328,350,173,23347,24551,47898,"Arts, entertainment, recreation and other services"
"588",0,0,0,0,0,0,4,1,0,0,0,0,0,0,0,5,0,0,2,15,10,8,7,9,7,622,641,1262,"Arts, entertainment, recreation and other services"
